<?xml version="1.0" encoding="UTF-8"?>
<!DOCTYPE X3D PUBLIC "ISO//Web3D//DTD X3D 3.0//EN" "http://www.web3d.org/specifications/x3d-3.0.dtd">
<X3D version="3.0" profile="Immersive" xmlns:xsd="http://www.w3.org/2001/XMLSchema-instance" xsd:noNamespaceSchemaLocation="http://www.web3d.org/specifications/x3d-3.0.xsd">
	<head>
		<meta name="filename" content="City Buildings Demo.x3d" />
		<meta name="generator" content="Blender 3.6.1" />
	</head>
	<Scene>
		<NavigationInfo headlight="true"
		                visibilityLimit="0.0"
		                type='"EXAMINE", "ANY"'
		                avatarSize="0.25, 1.75, 0.75"
		                />
		<Background DEF="WO_World"
		            groundColor="0.051 0.051 0.051"
		            skyColor="0.051 0.051 0.051"
		            />
		<Transform DEF="Demo_Set_030_TRANSFORM"
		           translation="-159.639313 0.000000 -6.865887"
		           scale="1.000000 1.000000 1.000000"
		           rotation="-0.577350 -0.577350 -0.577350 2.094395"
		           >
			<Transform DEF="Demo_Set_030_ifs_TRANSFORM"
			           translation="0.000000 0.000000 0.000000"
			           scale="1.000000 1.000000 1.000000"
			           rotation="0.000000 1.000000 0.000000 0.000000"
			           >
				<Group DEF="group_ME_Cube_030">
					<Shape>
						<Appearance>
							<Material DEF="MA_Color_Palette"
							          diffuseColor="0.800 0.800 0.800"
							          specularColor="0.401 0.401 0.401"
							          emissiveColor="0.000 0.000 0.000"
							          ambientIntensity="0.000"
							          shininess="0.500"
							          transparency="0.0"
							          />
						</Appearance>
						<IndexedFaceSet solid="true"
						                texCoordIndex="0 1 2 -1 3 4 5 -1 6 7 8 -1 9 10 11 -1 12 13 14 -1 15 16 17 -1 18 19 20 -1 21 22 23 -1 24 25 26 -1 27 28 29 -1 30 31 32 -1 33 34 35 -1 36 37 38 -1 39 40 41 -1 42 43 44 -1 45 46 47 -1 48 49 50 -1 51 52 53 -1 54 55 56 -1 57 58 59 -1 60 61 62 -1 63 64 65 -1 66 67 68 -1 69 70 71 -1 72 73 74 -1 75 76 77 -1 78 79 80 -1 81 82 83 -1 84 85 86 -1 87 88 89 -1 90 91 92 -1 93 94 95 -1 96 97 98 -1 99 100 101 -1 102 103 104 -1 105 106 107 -1 108 109 110 -1 111 112 113 -1 114 115 116 -1 117 118 119 -1 120 121 122 -1 123 124 125 -1 126 127 128 -1 129 130 131 -1 132 133 134 -1 135 136 137 -1 138 139 140 -1 141 142 143 -1 144 145 146 -1 147 148 149 -1 150 151 152 -1 153 154 155 -1 156 157 158 -1 159 160 161 -1 162 163 164 -1 165 166 167 -1 168 169 170 -1 171 172 173 -1 174 175 176 -1 177 178 179 -1 180 181 182 -1 183 184 185 -1 186 187 188 -1 189 190 191 -1 192 193 194 -1 195 196 197 -1 198 199 200 -1 201 202 203 -1 204 205 206 -1 207 208 209 -1 210 211 212 -1 213 214 215 -1 216 217 218 -1 219 220 221 -1 222 223 224 -1 225 226 227 -1 228 229 230 -1 231 232 233 -1 234 235 236 -1 237 238 239 -1 240 241 242 -1 243 244 245 -1 246 247 248 -1 249 250 251 -1 252 253 254 -1 255 256 257 -1 258 259 260 -1 261 262 263 -1 264 265 266 -1 267 268 269 -1 270 271 272 -1 273 274 275 -1 276 277 278 -1 279 280 281 -1 282 283 284 -1 285 286 287 -1 288 289 290 -1 291 292 293 -1 294 295 296 -1 297 298 299 -1 300 301 302 -1 303 304 305 -1 306 307 308 -1 309 310 311 -1 312 313 314 -1 315 316 317 -1 318 319 320 -1 321 322 323 -1 324 325 326 -1 327 328 329 -1 330 331 332 -1 333 334 335 -1 336 337 338 -1 339 340 341 -1 342 343 344 -1 345 346 347 -1 348 349 350 -1 351 352 353 -1 354 355 356 -1 357 358 359 -1 360 361 362 -1 363 364 365 -1 366 367 368 -1 369 370 371 -1 372 373 374 -1 375 376 377 -1 378 379 380 -1 381 382 383 -1 384 385 386 -1 387 388 389 -1 390 391 392 -1 393 394 395 -1 396 397 398 -1 399 400 401 -1 402 403 404 -1 405 406 407 -1 408 409 410 -1 411 412 413 -1 414 415 416 -1 417 418 419 -1 420 421 422 -1 423 424 425 -1 426 427 428 -1 429 430 431 -1 432 433 434 -1 435 436 437 -1 438 439 440 -1 441 442 443 -1 444 445 446 -1 447 448 449 -1 450 451 452 -1 453 454 455 -1 456 457 458 -1 459 460 461 -1 462 463 464 -1 465 466 467 -1 468 469 470 -1 471 472 473 -1 474 475 476 -1 477 478 479 -1 480 481 482 -1 483 484 485 -1 486 487 488 -1 489 490 491 -1 492 493 494 -1 495 496 497 -1 498 499 500 -1 501 502 503 -1 504 505 506 -1 507 508 509 -1 510 511 512 -1 513 514 515 -1 516 517 518 -1 519 520 521 -1 522 523 524 -1 525 526 527 -1 528 529 530 -1 531 532 533 -1 534 535 536 -1 537 538 539 -1 540 541 542 -1 543 544 545 -1 546 547 548 -1 549 550 551 -1 552 553 554 -1 555 556 557 -1 558 559 560 -1 561 562 563 -1 564 565 566 -1 567 568 569 -1 570 571 572 -1 573 574 575 -1 576 577 578 -1 579 580 581 -1 582 583 584 -1 585 586 587 -1 588 589 590 -1 591 592 593 -1 594 595 596 -1 597 598 599 -1 600 601 602 -1 603 604 605 -1 606 607 608 -1 609 610 611 -1 612 613 614 -1 615 616 617 -1 618 619 620 -1 621 622 623 -1 624 625 626 -1 627 628 629 -1 630 631 632 -1 633 634 635 -1 636 637 638 -1 639 640 641 -1 642 643 644 -1 645 646 647 -1 648 649 650 -1 651 652 653 -1 654 655 656 -1 657 658 659 -1 660 661 662 -1 663 664 665 -1 666 667 668 -1 669 670 671 -1 672 673 674 -1 675 676 677 -1 678 679 680 -1 681 682 683 -1 684 685 686 -1 687 688 689 -1 690 691 692 -1 693 694 695 -1 696 697 698 -1 699 700 701 -1 702 703 704 -1 705 706 707 -1 708 709 710 -1 711 712 713 -1 714 715 716 -1 717 718 719 -1 720 721 722 -1 723 724 725 -1 726 727 728 -1 729 730 731 -1 732 733 734 -1 735 736 737 -1 738 739 740 -1 741 742 743 -1 744 745 746 -1 747 748 749 -1 750 751 752 -1 753 754 755 -1 756 757 758 -1 759 760 761 -1 762 763 764 -1 765 766 767 -1 768 769 770 -1 771 772 773 -1 774 775 776 -1 777 778 779 -1 780 781 782 -1 783 784 785 -1 786 787 788 -1 789 790 791 -1 792 793 794 -1 795 796 797 -1 798 799 800 -1 801 802 803 -1 804 805 806 -1 807 808 809 -1 810 811 812 -1 813 814 815 -1 816 817 818 -1 819 820 821 -1 822 823 824 -1 825 826 827 -1 828 829 830 -1 831 832 833 -1 834 835 836 -1 837 838 839 -1 840 841 842 -1 843 844 845 -1 846 847 848 -1 849 850 851 -1 852 853 854 -1 855 856 857 -1 858 859 860 -1 861 862 863 -1 864 865 866 -1 867 868 869 -1 870 871 872 -1 873 874 875 -1 876 877 878 -1 879 880 881 -1 882 883 884 -1 885 886 887 -1 888 889 890 -1 891 892 893 -1 894 895 896 -1 897 898 899 -1 900 901 902 -1 903 904 905 -1 906 907 908 -1 909 910 911 -1 912 913 914 -1 915 916 917 -1 918 919 920 -1 921 922 923 -1 924 925 926 -1 927 928 929 -1 930 931 932 -1 933 934 935 -1 936 937 938 -1 939 940 941 -1 942 943 944 -1 945 946 947 -1 948 949 950 -1 951 952 953 -1 954 955 956 -1 957 958 959 -1 960 961 962 -1 963 964 965 -1 966 967 968 -1 969 970 971 -1 972 973 974 -1 975 976 977 -1 978 979 980 -1 981 982 983 -1 984 985 986 -1 987 988 989 -1 990 991 992 -1 993 994 995 -1 996 997 998 -1 999 1000 1001 -1 1002 1003 1004 -1 1005 1006 1007 -1 1008 1009 1010 -1 1011 1012 1013 -1 1014 1015 1016 -1 1017 1018 1019 -1 1020 1021 1022 -1 1023 1024 1025 -1 1026 1027 1028 -1 1029 1030 1031 -1 1032 1033 1034 -1 1035 1036 1037 -1 1038 1039 1040 -1 1041 1042 1043 -1 1044 1045 1046 -1 1047 1048 1049 -1 1050 1051 1052 -1 1053 1054 1055 -1 1056 1057 1058 -1 1059 1060 1061 -1 1062 1063 1064 -1 1065 1066 1067 -1 1068 1069 1070 -1 1071 1072 1073 -1 1074 1075 1076 -1 1077 1078 1079 -1 1080 1081 1082 -1 1083 1084 1085 -1 1086 1087 1088 -1 1089 1090 1091 -1 1092 1093 1094 -1 1095 1096 1097 -1 1098 1099 1100 -1 1101 1102 1103 -1 1104 1105 1106 -1 1107 1108 1109 -1 1110 1111 1112 -1 1113 1114 1115 -1 1116 1117 1118 -1 1119 1120 1121 -1 1122 1123 1124 -1 1125 1126 1127 -1 1128 1129 1130 -1 1131 1132 1133 -1 1134 1135 1136 -1 1137 1138 1139 -1 1140 1141 1142 -1 1143 1144 1145 -1 1146 1147 1148 -1 1149 1150 1151 -1 1152 1153 1154 -1 1155 1156 1157 -1 1158 1159 1160 -1 1161 1162 1163 -1 1164 1165 1166 -1 1167 1168 1169 -1 1170 1171 1172 -1 1173 1174 1175 -1 1176 1177 1178 -1 1179 1180 1181 -1 1182 1183 1184 -1 1185 1186 1187 -1 1188 1189 1190 -1 1191 1192 1193 -1 1194 1195 1196 -1 1197 1198 1199 -1 1200 1201 1202 -1 1203 1204 1205 -1 1206 1207 1208 -1 1209 1210 1211 -1 1212 1213 1214 -1 1215 1216 1217 -1 1218 1219 1220 -1 1221 1222 1223 -1 1224 1225 1226 -1 1227 1228 1229 -1 1230 1231 1232 -1 1233 1234 1235 -1 1236 1237 1238 -1 1239 1240 1241 -1 1242 1243 1244 -1 1245 1246 1247 -1 1248 1249 1250 -1 1251 1252 1253 -1 1254 1255 1256 -1 1257 1258 1259 -1 1260 1261 1262 -1 1263 1264 1265 -1 1266 1267 1268 -1 1269 1270 1271 -1 1272 1273 1274 -1 1275 1276 1277 -1 1278 1279 1280 -1 1281 1282 1283 -1 1284 1285 1286 -1 1287 1288 1289 -1 1290 1291 1292 -1 1293 1294 1295 -1 1296 1297 1298 -1 1299 1300 1301 -1 1302 1303 1304 -1 1305 1306 1307 -1 1308 1309 1310 -1 1311 1312 1313 -1 1314 1315 1316 -1 1317 1318 1319 -1 1320 1321 1322 -1 1323 1324 1325 -1 1326 1327 1328 -1 1329 1330 1331 -1 1332 1333 1334 -1 1335 1336 1337 -1 1338 1339 1340 -1 1341 1342 1343 -1 1344 1345 1346 -1 1347 1348 1349 -1 1350 1351 1352 -1 1353 1354 1355 -1 1356 1357 1358 -1 1359 1360 1361 -1 1362 1363 1364 -1 1365 1366 1367 -1 1368 1369 1370 -1 1371 1372 1373 -1 1374 1375 1376 -1 1377 1378 1379 -1 1380 1381 1382 -1 1383 1384 1385 -1 1386 1387 1388 -1 1389 1390 1391 -1 1392 1393 1394 -1 1395 1396 1397 -1 1398 1399 1400 -1 1401 1402 1403 -1 1404 1405 1406 -1 1407 1408 1409 -1 1410 1411 1412 -1 1413 1414 1415 -1 1416 1417 1418 -1 1419 1420 1421 -1 1422 1423 1424 -1 1425 1426 1427 -1 1428 1429 1430 -1 1431 1432 1433 -1 1434 1435 1436 -1 1437 1438 1439 -1 1440 1441 1442 -1 1443 1444 1445 -1 1446 1447 1448 -1 1449 1450 1451 -1 1452 1453 1454 -1 1455 1456 1457 -1 1458 1459 1460 -1 1461 1462 1463 -1 1464 1465 1466 -1 1467 1468 1469 -1 1470 1471 1472 -1 1473 1474 1475 -1 1476 1477 1478 -1 1479 1480 1481 -1 1482 1483 1484 -1 1485 1486 1487 -1 1488 1489 1490 -1 1491 1492 1493 -1 1494 1495 1496 -1 1497 1498 1499 -1 1500 1501 1502 -1 1503 1504 1505 -1 1506 1507 1508 -1 1509 1510 1511 -1 1512 1513 1514 -1 1515 1516 1517 -1 1518 1519 1520 -1 1521 1522 1523 -1 1524 1525 1526 -1 1527 1528 1529 -1 1530 1531 1532 -1 1533 1534 1535 -1 1536 1537 1538 -1 1539 1540 1541 -1 1542 1543 1544 -1 1545 1546 1547 -1 1548 1549 1550 -1 1551 1552 1553 -1 1554 1555 1556 -1 1557 1558 1559 -1 1560 1561 1562 -1 1563 1564 1565 -1 1566 1567 1568 -1 1569 1570 1571 -1 1572 1573 1574 -1 1575 1576 1577 -1 1578 1579 1580 -1 1581 1582 1583 -1 1584 1585 1586 -1 1587 1588 1589 -1 1590 1591 1592 -1 1593 1594 1595 -1 1596 1597 1598 -1 1599 1600 1601 -1 1602 1603 1604 -1 1605 1606 1607 -1 1608 1609 1610 -1 1611 1612 1613 -1 1614 1615 1616 -1 1617 1618 1619 -1 1620 1621 1622 -1 1623 1624 1625 -1 1626 1627 1628 -1 1629 1630 1631 -1 1632 1633 1634 -1 1635 1636 1637 -1 1638 1639 1640 -1 1641 1642 1643 -1 1644 1645 1646 -1 1647 1648 1649 -1 1650 1651 1652 -1 1653 1654 1655 -1 1656 1657 1658 -1 1659 1660 1661 -1 1662 1663 1664 -1 1665 1666 1667 -1 1668 1669 1670 -1 1671 1672 1673 -1 1674 1675 1676 -1 1677 1678 1679 -1 1680 1681 1682 -1 1683 1684 1685 -1 1686 1687 1688 -1 1689 1690 1691 -1 1692 1693 1694 -1 1695 1696 1697 -1 1698 1699 1700 -1 1701 1702 1703 -1 1704 1705 1706 -1 1707 1708 1709 -1 1710 1711 1712 -1 1713 1714 1715 -1 1716 1717 1718 -1 1719 1720 1721 -1 1722 1723 1724 -1 1725 1726 1727 -1 1728 1729 1730 -1 1731 1732 1733 -1 1734 1735 1736 -1 1737 1738 1739 -1 1740 1741 1742 -1 1743 1744 1745 -1 1746 1747 1748 -1 1749 1750 1751 -1 1752 1753 1754 -1 1755 1756 1757 -1 1758 1759 1760 -1 1761 1762 1763 -1 1764 1765 1766 -1 1767 1768 1769 -1 1770 1771 1772 -1 1773 1774 1775 -1 1776 1777 1778 -1 1779 1780 1781 -1 1782 1783 1784 -1 1785 1786 1787 -1 1788 1789 1790 -1 1791 1792 1793 -1 1794 1795 1796 -1 1797 1798 1799 -1 1800 1801 1802 -1 1803 1804 1805 -1 1806 1807 1808 -1 1809 1810 1811 -1 1812 1813 1814 -1 1815 1816 1817 -1 1818 1819 1820 -1 1821 1822 1823 -1 1824 1825 1826 -1 1827 1828 1829 -1 1830 1831 1832 -1 1833 1834 1835 -1 1836 1837 1838 -1 1839 1840 1841 -1 1842 1843 1844 -1 1845 1846 1847 -1 1848 1849 1850 -1 1851 1852 1853 -1 1854 1855 1856 -1 1857 1858 1859 -1 1860 1861 1862 -1 1863 1864 1865 -1 1866 1867 1868 -1 1869 1870 1871 -1 1872 1873 1874 -1 1875 1876 1877 -1 1878 1879 1880 -1 1881 1882 1883 -1 1884 1885 1886 -1 1887 1888 1889 -1 1890 1891 1892 -1 1893 1894 1895 -1 1896 1897 1898 -1 1899 1900 1901 -1 1902 1903 1904 -1 1905 1906 1907 -1 1908 1909 1910 -1 1911 1912 1913 -1 1914 1915 1916 -1 1917 1918 1919 -1 1920 1921 1922 -1 1923 1924 1925 -1 1926 1927 1928 -1 1929 1930 1931 -1 1932 1933 1934 -1 1935 1936 1937 -1 1938 1939 1940 -1 1941 1942 1943 -1 1944 1945 1946 -1 1947 1948 1949 -1 1950 1951 1952 -1 1953 1954 1955 -1 1956 1957 1958 -1 1959 1960 1961 -1 1962 1963 1964 -1 1965 1966 1967 -1 1968 1969 1970 -1 1971 1972 1973 -1 1974 1975 1976 -1 1977 1978 1979 -1 1980 1981 1982 -1 1983 1984 1985 -1 1986 1987 1988 -1 1989 1990 1991 -1 1992 1993 1994 -1 1995 1996 1997 -1 1998 1999 2000 -1 2001 2002 2003 -1 2004 2005 2006 -1 2007 2008 2009 -1 2010 2011 2012 -1 2013 2014 2015 -1 2016 2017 2018 -1 2019 2020 2021 -1 2022 2023 2024 -1 2025 2026 2027 -1 2028 2029 2030 -1 2031 2032 2033 -1 2034 2035 2036 -1 2037 2038 2039 -1 2040 2041 2042 -1 2043 2044 2045 -1 2046 2047 2048 -1 2049 2050 2051 -1 2052 2053 2054 -1 2055 2056 2057 -1 2058 2059 2060 -1 2061 2062 2063 -1 2064 2065 2066 -1 2067 2068 2069 -1 2070 2071 2072 -1 2073 2074 2075 -1 2076 2077 2078 -1 2079 2080 2081 -1 2082 2083 2084 -1 2085 2086 2087 -1 2088 2089 2090 -1 2091 2092 2093 -1 2094 2095 2096 -1 2097 2098 2099 -1 2100 2101 2102 -1 2103 2104 2105 -1 2106 2107 2108 -1 2109 2110 2111 -1 2112 2113 2114 -1 2115 2116 2117 -1 2118 2119 2120 -1 2121 2122 2123 -1 2124 2125 2126 -1 2127 2128 2129 -1 2130 2131 2132 -1 2133 2134 2135 -1 2136 2137 2138 -1 2139 2140 2141 -1 2142 2143 2144 -1 2145 2146 2147 -1 2148 2149 2150 -1 2151 2152 2153 -1 2154 2155 2156 -1 2157 2158 2159 -1 2160 2161 2162 -1 2163 2164 2165 -1 2166 2167 2168 -1 2169 2170 2171 -1 2172 2173 2174 -1 2175 2176 2177 -1 2178 2179 2180 -1 2181 2182 2183 -1 2184 2185 2186 -1 2187 2188 2189 -1 2190 2191 2192 -1 2193 2194 2195 -1 2196 2197 2198 -1 2199 2200 2201 -1 2202 2203 2204 -1 2205 2206 2207 -1 2208 2209 2210 -1 2211 2212 2213 -1 2214 2215 2216 -1 2217 2218 2219 -1 2220 2221 2222 -1 2223 2224 2225 -1 2226 2227 2228 -1 2229 2230 2231 -1 2232 2233 2234 -1 2235 2236 2237 -1 2238 2239 2240 -1 2241 2242 2243 -1 2244 2245 2246 -1 2247 2248 2249 -1 2250 2251 2252 -1 2253 2254 2255 -1 2256 2257 2258 -1 2259 2260 2261 -1 2262 2263 2264 -1 2265 2266 2267 -1 2268 2269 2270 -1 2271 2272 2273 -1 2274 2275 2276 -1 2277 2278 2279 -1 2280 2281 2282 -1 2283 2284 2285 -1 2286 2287 2288 -1 2289 2290 2291 -1 2292 2293 2294 -1 2295 2296 2297 -1 2298 2299 2300 -1 2301 2302 2303 -1 2304 2305 2306 -1 2307 2308 2309 -1 2310 2311 2312 -1 2313 2314 2315 -1 2316 2317 2318 -1 2319 2320 2321 -1 2322 2323 2324 -1 2325 2326 2327 -1 2328 2329 2330 -1 2331 2332 2333 -1 2334 2335 2336 -1 2337 2338 2339 -1 2340 2341 2342 -1 2343 2344 2345 -1 2346 2347 2348 -1 2349 2350 2351 -1 2352 2353 2354 -1 2355 2356 2357 -1 2358 2359 2360 -1 2361 2362 2363 -1 2364 2365 2366 -1 2367 2368 2369 -1 2370 2371 2372 -1 2373 2374 2375 -1 2376 2377 2378 -1 2379 2380 2381 -1 2382 2383 2384 -1 2385 2386 2387 -1 2388 2389 2390 -1 2391 2392 2393 -1 2394 2395 2396 -1 2397 2398 2399 -1 2400 2401 2402 -1 2403 2404 2405 -1 2406 2407 2408 -1 2409 2410 2411 -1 2412 2413 2414 -1 2415 2416 2417 -1 2418 2419 2420 -1 2421 2422 2423 -1 2424 2425 2426 -1 2427 2428 2429 -1 2430 2431 2432 -1 2433 2434 2435 -1 2436 2437 2438 -1 2439 2440 2441 -1 2442 2443 2444 -1 2445 2446 2447 -1 2448 2449 2450 -1 2451 2452 2453 -1 2454 2455 2456 -1 2457 2458 2459 -1 2460 2461 2462 -1 2463 2464 2465 -1 2466 2467 2468 -1 2469 2470 2471 -1 2472 2473 2474 -1 2475 2476 2477 -1 2478 2479 2480 -1 2481 2482 2483 -1 2484 2485 2486 -1 2487 2488 2489 -1 2490 2491 2492 -1 2493 2494 2495 -1 2496 2497 2498 -1 2499 2500 2501 -1 2502 2503 2504 -1 2505 2506 2507 -1 2508 2509 2510 -1 2511 2512 2513 -1 2514 2515 2516 -1 2517 2518 2519 -1 2520 2521 2522 -1 2523 2524 2525 -1 2526 2527 2528 -1 2529 2530 2531 -1 2532 2533 2534 -1 2535 2536 2537 -1 2538 2539 2540 -1 2541 2542 2543 -1 2544 2545 2546 -1 2547 2548 2549 -1 2550 2551 2552 -1 2553 2554 2555 -1 2556 2557 2558 -1 2559 2560 2561 -1 2562 2563 2564 -1 2565 2566 2567 -1 2568 2569 2570 -1 2571 2572 2573 -1 2574 2575 2576 -1 2577 2578 2579 -1 2580 2581 2582 -1 2583 2584 2585 -1 2586 2587 2588 -1 2589 2590 2591 -1 2592 2593 2594 -1 2595 2596 2597 -1 2598 2599 2600 -1 2601 2602 2603 -1 2604 2605 2606 -1 2607 2608 2609 -1 2610 2611 2612 -1 2613 2614 2615 -1 2616 2617 2618 -1 2619 2620 2621 -1 2622 2623 2624 -1 2625 2626 2627 -1 2628 2629 2630 -1 2631 2632 2633 -1 2634 2635 2636 -1 2637 2638 2639 -1 2640 2641 2642 -1 2643 2644 2645 -1 2646 2647 2648 -1 2649 2650 2651 -1 2652 2653 2654 -1 2655 2656 2657 -1 2658 2659 2660 -1 2661 2662 2663 -1 2664 2665 2666 -1 2667 2668 2669 -1 2670 2671 2672 -1 2673 2674 2675 -1 2676 2677 2678 -1 2679 2680 2681 -1 2682 2683 2684 -1 2685 2686 2687 -1 2688 2689 2690 -1 2691 2692 2693 -1 2694 2695 2696 -1 2697 2698 2699 -1 2700 2701 2702 -1 2703 2704 2705 -1 2706 2707 2708 -1 2709 2710 2711 -1 2712 2713 2714 -1 2715 2716 2717 -1 2718 2719 2720 -1 2721 2722 2723 -1 2724 2725 2726 -1 2727 2728 2729 -1 2730 2731 2732 -1 2733 2734 2735 -1 2736 2737 2738 -1 2739 2740 2741 -1 2742 2743 2744 -1 2745 2746 2747 -1 2748 2749 2750 -1 2751 2752 2753 -1 2754 2755 2756 -1 2757 2758 2759 -1 2760 2761 2762 -1 2763 2764 2765 -1 2766 2767 2768 -1 2769 2770 2771 -1 2772 2773 2774 -1 2775 2776 2777 -1 2778 2779 2780 -1 2781 2782 2783 -1 2784 2785 2786 -1 2787 2788 2789 -1 2790 2791 2792 -1 2793 2794 2795 -1 2796 2797 2798 -1 2799 2800 2801 -1 2802 2803 2804 -1 2805 2806 2807 -1 2808 2809 2810 -1 2811 2812 2813 -1 2814 2815 2816 -1 2817 2818 2819 -1 2820 2821 2822 -1 2823 2824 2825 -1 2826 2827 2828 -1 2829 2830 2831 -1 2832 2833 2834 -1 2835 2836 2837 -1 2838 2839 2840 -1 2841 2842 2843 -1 2844 2845 2846 -1 2847 2848 2849 -1 2850 2851 2852 -1 2853 2854 2855 -1 2856 2857 2858 -1 2859 2860 2861 -1 2862 2863 2864 -1 2865 2866 2867 -1 2868 2869 2870 -1 2871 2872 2873 -1 2874 2875 2876 -1 2877 2878 2879 -1 2880 2881 2882 -1 2883 2884 2885 -1 2886 2887 2888 -1 2889 2890 2891 -1 2892 2893 2894 -1 2895 2896 2897 -1 2898 2899 2900 -1 2901 2902 2903 -1 2904 2905 2906 -1 2907 2908 2909 -1 2910 2911 2912 -1 2913 2914 2915 -1 2916 2917 2918 -1 2919 2920 2921 -1 2922 2923 2924 -1 2925 2926 2927 -1 2928 2929 2930 -1 2931 2932 2933 -1 2934 2935 2936 -1 2937 2938 2939 -1 2940 2941 2942 -1 2943 2944 2945 -1 2946 2947 2948 -1 2949 2950 2951 -1 2952 2953 2954 -1 2955 2956 2957 -1 2958 2959 2960 -1 2961 2962 2963 -1 2964 2965 2966 -1 2967 2968 2969 -1 2970 2971 2972 -1 2973 2974 2975 -1 2976 2977 2978 -1 2979 2980 2981 -1 2982 2983 2984 -1 2985 2986 2987 -1 2988 2989 2990 -1 2991 2992 2993 -1 2994 2995 2996 -1 2997 2998 2999 -1 3000 3001 3002 -1 3003 3004 3005 -1 3006 3007 3008 -1 3009 3010 3011 -1 3012 3013 3014 -1 3015 3016 3017 -1 3018 3019 3020 -1 3021 3022 3023 -1 3024 3025 3026 -1 3027 3028 3029 -1 3030 3031 3032 -1 3033 3034 3035 -1 3036 3037 3038 -1 3039 3040 3041 -1 3042 3043 3044 -1 3045 3046 3047 -1 3048 3049 3050 -1 3051 3052 3053 -1 3054 3055 3056 -1 3057 3058 3059 -1 3060 3061 3062 -1 3063 3064 3065 -1 3066 3067 3068 -1 3069 3070 3071 -1 3072 3073 3074 -1 3075 3076 3077 -1 3078 3079 3080 -1 3081 3082 3083 -1 3084 3085 3086 -1 3087 3088 3089 -1 3090 3091 3092 -1 3093 3094 3095 -1 3096 3097 3098 -1 3099 3100 3101 -1 3102 3103 3104 -1 3105 3106 3107 -1 3108 3109 3110 -1 3111 3112 3113 -1 3114 3115 3116 -1 3117 3118 3119 -1 3120 3121 3122 -1 3123 3124 3125 -1 3126 3127 3128 -1 3129 3130 3131 -1 3132 3133 3134 -1 3135 3136 3137 -1 3138 3139 3140 -1 3141 3142 3143 -1 3144 3145 3146 -1 3147 3148 3149 -1 3150 3151 3152 -1 3153 3154 3155 -1 3156 3157 3158 -1 3159 3160 3161 -1 3162 3163 3164 -1 3165 3166 3167 -1 3168 3169 3170 -1 3171 3172 3173 -1 3174 3175 3176 -1 3177 3178 3179 -1 3180 3181 3182 -1 3183 3184 3185 -1 3186 3187 3188 -1 3189 3190 3191 -1 3192 3193 3194 -1 3195 3196 3197 -1 3198 3199 3200 -1 3201 3202 3203 -1 3204 3205 3206 -1 3207 3208 3209 -1 3210 3211 3212 -1 3213 3214 3215 -1 3216 3217 3218 -1 3219 3220 3221 -1 3222 3223 3224 -1 3225 3226 3227 -1 3228 3229 3230 -1 3231 3232 3233 -1 3234 3235 3236 -1 3237 3238 3239 -1 3240 3241 3242 -1 3243 3244 3245 -1 3246 3247 3248 -1 3249 3250 3251 -1 3252 3253 3254 -1 3255 3256 3257 -1 3258 3259 3260 -1 3261 3262 3263 -1 3264 3265 3266 -1 3267 3268 3269 -1 3270 3271 3272 -1 3273 3274 3275 -1 3276 3277 3278 -1 3279 3280 3281 -1 3282 3283 3284 -1 3285 3286 3287 -1 3288 3289 3290 -1 3291 3292 3293 -1 3294 3295 3296 -1 3297 3298 3299 -1 3300 3301 3302 -1 3303 3304 3305 -1 3306 3307 3308 -1 3309 3310 3311 -1 3312 3313 3314 -1 3315 3316 3317 -1 3318 3319 3320 -1 3321 3322 3323 -1 3324 3325 3326 -1 3327 3328 3329 -1 3330 3331 3332 -1 3333 3334 3335 -1 3336 3337 3338 -1 3339 3340 3341 -1 3342 3343 3344 -1 3345 3346 3347 -1 3348 3349 3350 -1 3351 3352 3353 -1 3354 3355 3356 -1 3357 3358 3359 -1 3360 3361 3362 -1 3363 3364 3365 -1 3366 3367 3368 -1 3369 3370 3371 -1 3372 3373 3374 -1 3375 3376 3377 -1 3378 3379 3380 -1 3381 3382 3383 -1 3384 3385 3386 -1 3387 3388 3389 -1 3390 3391 3392 -1 3393 3394 3395 -1 3396 3397 3398 -1 3399 3400 3401 -1 3402 3403 3404 -1 3405 3406 3407 -1 3408 3409 3410 -1 3411 3412 3413 -1 3414 3415 3416 -1 3417 3418 3419 -1 3420 3421 3422 -1 3423 3424 3425 -1 3426 3427 3428 -1 3429 3430 3431 -1 3432 3433 3434 -1 3435 3436 3437 -1 3438 3439 3440 -1 3441 3442 3443 -1 3444 3445 3446 -1 3447 3448 3449 -1 3450 3451 3452 -1 3453 3454 3455 -1 3456 3457 3458 -1 3459 3460 3461 -1 3462 3463 3464 -1 3465 3466 3467 -1 3468 3469 3470 -1 3471 3472 3473 -1 3474 3475 3476 -1 3477 3478 3479 -1 3480 3481 3482 -1 3483 3484 3485 -1 3486 3487 3488 -1 3489 3490 3491 -1 3492 3493 3494 -1 3495 3496 3497 -1 3498 3499 3500 -1 3501 3502 3503 -1 3504 3505 3506 -1 3507 3508 3509 -1 3510 3511 3512 -1 3513 3514 3515 -1 3516 3517 3518 -1 3519 3520 3521 -1 3522 3523 3524 -1 3525 3526 3527 -1 3528 3529 3530 -1 3531 3532 3533 -1 3534 3535 3536 -1 3537 3538 3539 -1 3540 3541 3542 -1 3543 3544 3545 -1 3546 3547 3548 -1 3549 3550 3551 -1 3552 3553 3554 -1 3555 3556 3557 -1 3558 3559 3560 -1 3561 3562 3563 -1 3564 3565 3566 -1 3567 3568 3569 -1 3570 3571 3572 -1 3573 3574 3575 -1 3576 3577 3578 -1 3579 3580 3581 -1 3582 3583 3584 -1 3585 3586 3587 -1 3588 3589 3590 -1 3591 3592 3593 -1 3594 3595 3596 -1 3597 3598 3599 -1 3600 3601 3602 -1 3603 3604 3605 -1 3606 3607 3608 -1 3609 3610 3611 -1 3612 3613 3614 -1 3615 3616 3617 -1 3618 3619 3620 -1 3621 3622 3623 -1 3624 3625 3626 -1 3627 3628 3629 -1 3630 3631 3632 -1 3633 3634 3635 -1 3636 3637 3638 -1 3639 3640 3641 -1 3642 3643 3644 -1 3645 3646 3647 -1 3648 3649 3650 -1 3651 3652 3653 -1 3654 3655 3656 -1 3657 3658 3659 -1 3660 3661 3662 -1 3663 3664 3665 -1 3666 3667 3668 -1 3669 3670 3671 -1 3672 3673 3674 -1 3675 3676 3677 -1 3678 3679 3680 -1 3681 3682 3683 -1 3684 3685 3686 -1 3687 3688 3689 -1 3690 3691 3692 -1 3693 3694 3695 -1 3696 3697 3698 -1 3699 3700 3701 -1 3702 3703 3704 -1 3705 3706 3707 -1 3708 3709 3710 -1 3711 3712 3713 -1 3714 3715 3716 -1 3717 3718 3719 -1 3720 3721 3722 -1 3723 3724 3725 -1 3726 3727 3728 -1 3729 3730 3731 -1 3732 3733 3734 -1 3735 3736 3737 -1 3738 3739 3740 -1 3741 3742 3743 -1 3744 3745 3746 -1 3747 3748 3749 -1 3750 3751 3752 -1 3753 3754 3755 -1 3756 3757 3758 -1 3759 3760 3761 -1 3762 3763 3764 -1 3765 3766 3767 -1 3768 3769 3770 -1 3771 3772 3773 -1 3774 3775 3776 -1 3777 3778 3779 -1 3780 3781 3782 -1 3783 3784 3785 -1 3786 3787 3788 -1 3789 3790 3791 -1 3792 3793 3794 -1 3795 3796 3797 -1 3798 3799 3800 -1 3801 3802 3803 -1 3804 3805 3806 -1 3807 3808 3809 -1 3810 3811 3812 -1 3813 3814 3815 -1 3816 3817 3818 -1 3819 3820 3821 -1 3822 3823 3824 -1 3825 3826 3827 -1 3828 3829 3830 -1 3831 3832 3833 -1 3834 3835 3836 -1 3837 3838 3839 -1 3840 3841 3842 -1 3843 3844 3845 -1 3846 3847 3848 -1 3849 3850 3851 -1 3852 3853 3854 -1 3855 3856 3857 -1 3858 3859 3860 -1 3861 3862 3863 -1 3864 3865 3866 -1 3867 3868 3869 -1 3870 3871 3872 -1 3873 3874 3875 -1 3876 3877 3878 -1 3879 3880 3881 -1 3882 3883 3884 -1 3885 3886 3887 -1 3888 3889 3890 -1 3891 3892 3893 -1 3894 3895 3896 -1 3897 3898 3899 -1 3900 3901 3902 -1 3903 3904 3905 -1 3906 3907 3908 -1 3909 3910 3911 -1 3912 3913 3914 -1 3915 3916 3917 -1 3918 3919 3920 -1 3921 3922 3923 -1 3924 3925 3926 -1 3927 3928 3929 -1 3930 3931 3932 -1 3933 3934 3935 -1 3936 3937 3938 -1 3939 3940 3941 -1 3942 3943 3944 -1 3945 3946 3947 -1 3948 3949 3950 -1 3951 3952 3953 -1 3954 3955 3956 -1 3957 3958 3959 -1 3960 3961 3962 -1 3963 3964 3965 -1 3966 3967 3968 -1 3969 3970 3971 -1 3972 3973 3974 -1 3975 3976 3977 -1 3978 3979 3980 -1 3981 3982 3983 -1 3984 3985 3986 -1 3987 3988 3989 -1 3990 3991 3992 -1 3993 3994 3995 -1 3996 3997 3998 -1 3999 4000 4001 -1 4002 4003 4004 -1 4005 4006 4007 -1 4008 4009 4010 -1 4011 4012 4013 -1 4014 4015 4016 -1 4017 4018 4019 -1 4020 4021 4022 -1 4023 4024 4025 -1 4026 4027 4028 -1 4029 4030 4031 -1 4032 4033 4034 -1 4035 4036 4037 -1 4038 4039 4040 -1 4041 4042 4043 -1 4044 4045 4046 -1 4047 4048 4049 -1 4050 4051 4052 -1 4053 4054 4055 -1 4056 4057 4058 -1 4059 4060 4061 -1 4062 4063 4064 -1 4065 4066 4067 -1 4068 4069 4070 -1 4071 4072 4073 -1 4074 4075 4076 -1 4077 4078 4079 -1 4080 4081 4082 -1 4083 4084 4085 -1 4086 4087 4088 -1 4089 4090 4091 -1 4092 4093 4094 -1 4095 4096 4097 -1 4098 4099 4100 -1 4101 4102 4103 -1 4104 4105 4106 -1 4107 4108 4109 -1 4110 4111 4112 -1 4113 4114 4115 -1 4116 4117 4118 -1 4119 4120 4121 -1 4122 4123 4124 -1 4125 4126 4127 -1 4128 4129 4130 -1 4131 4132 4133 -1 4134 4135 4136 -1 4137 4138 4139 -1 4140 4141 4142 -1 4143 4144 4145 -1 4146 4147 4148 -1 4149 4150 4151 -1 4152 4153 4154 -1 4155 4156 4157 -1 4158 4159 4160 -1 4161 4162 4163 -1 4164 4165 4166 -1 4167 4168 4169 -1 4170 4171 4172 -1 4173 4174 4175 -1 4176 4177 4178 -1 4179 4180 4181 -1 4182 4183 4184 -1 4185 4186 4187 -1 4188 4189 4190 -1 4191 4192 4193 -1 4194 4195 4196 -1 4197 4198 4199 -1 4200 4201 4202 -1 4203 4204 4205 -1 4206 4207 4208 -1 4209 4210 4211 -1 4212 4213 4214 -1 4215 4216 4217 -1 4218 4219 4220 -1 4221 4222 4223 -1 4224 4225 4226 -1 4227 4228 4229 -1 4230 4231 4232 -1 4233 4234 4235 -1 4236 4237 4238 -1 4239 4240 4241 -1 4242 4243 4244 -1 4245 4246 4247 -1 4248 4249 4250 -1 4251 4252 4253 -1 4254 4255 4256 -1 4257 4258 4259 -1 4260 4261 4262 -1 4263 4264 4265 -1 4266 4267 4268 -1 4269 4270 4271 -1 4272 4273 4274 -1 4275 4276 4277 -1 4278 4279 4280 -1 4281 4282 4283 -1 4284 4285 4286 -1 4287 4288 4289 -1 4290 4291 4292 -1 4293 4294 4295 -1 4296 4297 4298 -1 4299 4300 4301 -1 4302 4303 4304 -1 4305 4306 4307 -1 4308 4309 4310 -1 4311 4312 4313 -1 4314 4315 4316 -1 4317 4318 4319 -1 4320 4321 4322 -1 4323 4324 4325 -1 4326 4327 4328 -1 4329 4330 4331 -1 4332 4333 4334 -1 4335 4336 4337 -1 4338 4339 4340 -1 4341 4342 4343 -1 4344 4345 4346 -1 4347 4348 4349 -1 4350 4351 4352 -1 4353 4354 4355 -1 4356 4357 4358 -1 4359 4360 4361 -1 4362 4363 4364 -1 4365 4366 4367 -1 4368 4369 4370 -1 4371 4372 4373 -1 4374 4375 4376 -1 4377 4378 4379 -1 4380 4381 4382 -1 4383 4384 4385 -1 4386 4387 4388 -1 4389 4390 4391 -1 4392 4393 4394 -1 4395 4396 4397 -1 4398 4399 4400 -1 4401 4402 4403 -1 4404 4405 4406 -1 4407 4408 4409 -1 4410 4411 4412 -1 4413 4414 4415 -1 4416 4417 4418 -1 4419 4420 4421 -1 4422 4423 4424 -1 4425 4426 4427 -1 4428 4429 4430 -1 4431 4432 4433 -1 4434 4435 4436 -1 4437 4438 4439 -1 4440 4441 4442 -1 4443 4444 4445 -1 4446 4447 4448 -1 4449 4450 4451 -1 4452 4453 4454 -1 4455 4456 4457 -1 4458 4459 4460 -1 4461 4462 4463 -1 4464 4465 4466 -1 4467 4468 4469 -1 4470 4471 4472 -1 4473 4474 4475 -1 4476 4477 4478 -1 4479 4480 4481 -1 4482 4483 4484 -1 4485 4486 4487 -1 4488 4489 4490 -1 4491 4492 4493 -1 4494 4495 4496 -1 4497 4498 4499 -1 4500 4501 4502 -1 4503 4504 4505 -1 4506 4507 4508 -1 4509 4510 4511 -1 4512 4513 4514 -1 4515 4516 4517 -1 4518 4519 4520 -1 4521 4522 4523 -1 4524 4525 4526 -1 4527 4528 4529 -1 4530 4531 4532 -1 4533 4534 4535 -1 4536 4537 4538 -1 4539 4540 4541 -1 4542 4543 4544 -1 4545 4546 4547 -1 4548 4549 4550 -1 4551 4552 4553 -1 4554 4555 4556 -1 4557 4558 4559 -1 4560 4561 4562 -1 4563 4564 4565 -1 4566 4567 4568 -1 4569 4570 4571 -1 4572 4573 4574 -1 4575 4576 4577 -1 4578 4579 4580 -1 4581 4582 4583 -1 4584 4585 4586 -1 4587 4588 4589 -1 4590 4591 4592 -1 4593 4594 4595 -1 4596 4597 4598 -1 4599 4600 4601 -1 4602 4603 4604 -1 4605 4606 4607 -1 4608 4609 4610 -1 4611 4612 4613 -1 4614 4615 4616 -1 4617 4618 4619 -1 4620 4621 4622 -1 4623 4624 4625 -1 4626 4627 4628 -1 4629 4630 4631 -1 4632 4633 4634 -1 4635 4636 4637 -1 4638 4639 4640 -1 4641 4642 4643 -1 4644 4645 4646 -1 4647 4648 4649 -1 4650 4651 4652 -1 4653 4654 4655 -1 4656 4657 4658 -1 4659 4660 4661 -1 4662 4663 4664 -1 4665 4666 4667 -1 4668 4669 4670 -1 4671 4672 4673 -1 4674 4675 4676 -1 4677 4678 4679 -1 4680 4681 4682 -1 4683 4684 4685 -1 4686 4687 4688 -1 4689 4690 4691 -1 4692 4693 4694 -1 4695 4696 4697 -1 4698 4699 4700 -1 4701 4702 4703 -1 4704 4705 4706 -1 4707 4708 4709 -1 4710 4711 4712 -1 4713 4714 4715 -1 4716 4717 4718 -1 4719 4720 4721 -1 4722 4723 4724 -1 4725 4726 4727 -1 4728 4729 4730 -1 4731 4732 4733 -1 4734 4735 4736 -1 4737 4738 4739 -1 4740 4741 4742 -1 4743 4744 4745 -1 4746 4747 4748 -1 4749 4750 4751 -1 4752 4753 4754 -1 4755 4756 4757 -1 4758 4759 4760 -1 4761 4762 4763 -1 4764 4765 4766 -1 4767 4768 4769 -1 4770 4771 4772 -1 4773 4774 4775 -1 4776 4777 4778 -1 4779 4780 4781 -1 4782 4783 4784 -1 4785 4786 4787 -1 4788 4789 4790 -1 4791 4792 4793 -1 4794 4795 4796 -1 4797 4798 4799 -1 4800 4801 4802 -1 4803 4804 4805 -1 4806 4807 4808 -1 4809 4810 4811 -1 4812 4813 4814 -1 4815 4816 4817 -1 4818 4819 4820 -1 4821 4822 4823 -1 4824 4825 4826 -1 4827 4828 4829 -1 4830 4831 4832 -1 4833 4834 4835 -1 4836 4837 4838 -1 4839 4840 4841 -1 4842 4843 4844 -1 4845 4846 4847 -1 4848 4849 4850 -1 4851 4852 4853 -1 4854 4855 4856 -1 4857 4858 4859 -1 4860 4861 4862 -1 4863 4864 4865 -1 4866 4867 4868 -1 4869 4870 4871 -1 4872 4873 4874 -1 4875 4876 4877 -1 4878 4879 4880 -1 4881 4882 4883 -1 4884 4885 4886 -1 4887 4888 4889 -1 4890 4891 4892 -1 4893 4894 4895 -1 4896 4897 4898 -1 4899 4900 4901 -1 4902 4903 4904 -1 4905 4906 4907 -1 4908 4909 4910 -1 4911 4912 4913 -1 4914 4915 4916 -1 4917 4918 4919 -1 4920 4921 4922 -1 4923 4924 4925 -1 4926 4927 4928 -1 4929 4930 4931 -1 4932 4933 4934 -1 4935 4936 4937 -1 4938 4939 4940 -1 4941 4942 4943 -1 4944 4945 4946 -1 4947 4948 4949 -1 4950 4951 4952 -1 4953 4954 4955 -1 4956 4957 4958 -1 4959 4960 4961 -1 4962 4963 4964 -1 4965 4966 4967 -1 4968 4969 4970 -1 4971 4972 4973 -1 4974 4975 4976 -1 4977 4978 4979 -1 4980 4981 4982 -1 4983 4984 4985 -1 4986 4987 4988 -1 4989 4990 4991 -1 4992 4993 4994 -1 4995 4996 4997 -1 4998 4999 5000 -1 5001 5002 5003 -1 5004 5005 5006 -1 5007 5008 5009 -1 5010 5011 5012 -1 5013 5014 5015 -1 5016 5017 5018 -1 5019 5020 5021 -1 5022 5023 5024 -1 5025 5026 5027 -1 5028 5029 5030 -1 5031 5032 5033 -1 5034 5035 5036 -1 5037 5038 5039 -1 5040 5041 5042 -1 5043 5044 5045 -1 5046 5047 5048 -1 5049 5050 5051 -1 5052 5053 5054 -1 5055 5056 5057 -1 5058 5059 5060 -1 5061 5062 5063 -1 5064 5065 5066 -1 5067 5068 5069 -1 5070 5071 5072 -1 5073 5074 5075 -1 5076 5077 5078 -1 5079 5080 5081 -1 5082 5083 5084 -1 5085 5086 5087 -1 5088 5089 5090 -1 5091 5092 5093 -1 5094 5095 5096 -1 5097 5098 5099 -1 5100 5101 5102 -1 5103 5104 5105 -1 5106 5107 5108 -1 5109 5110 5111 -1 5112 5113 5114 -1 5115 5116 5117 -1 5118 5119 5120 -1 5121 5122 5123 -1 5124 5125 5126 -1 5127 5128 5129 -1 5130 5131 5132 -1 5133 5134 5135 -1 5136 5137 5138 -1 5139 5140 5141 -1 5142 5143 5144 -1 5145 5146 5147 -1 5148 5149 5150 -1 5151 5152 5153 -1 5154 5155 5156 -1 5157 5158 5159 -1 5160 5161 5162 -1 5163 5164 5165 -1 5166 5167 5168 -1 5169 5170 5171 -1 5172 5173 5174 -1 5175 5176 5177 -1 5178 5179 5180 -1 5181 5182 5183 -1 5184 5185 5186 -1 5187 5188 5189 -1 5190 5191 5192 -1 5193 5194 5195 -1 5196 5197 5198 -1 5199 5200 5201 -1 5202 5203 5204 -1 5205 5206 5207 -1 5208 5209 5210 -1 5211 5212 5213 -1 5214 5215 5216 -1 5217 5218 5219 -1 5220 5221 5222 -1 5223 5224 5225 -1 5226 5227 5228 -1 5229 5230 5231 -1 5232 5233 5234 -1 5235 5236 5237 -1 5238 5239 5240 -1 5241 5242 5243 -1 5244 5245 5246 -1 5247 5248 5249 -1 5250 5251 5252 -1 5253 5254 5255 -1 5256 5257 5258 -1 5259 5260 5261 -1 5262 5263 5264 -1 5265 5266 5267 -1 5268 5269 5270 -1 5271 5272 5273 -1 5274 5275 5276 -1 5277 5278 5279 -1 5280 5281 5282 -1 5283 5284 5285 -1 5286 5287 5288 -1 5289 5290 5291 -1 5292 5293 5294 -1 5295 5296 5297 -1 5298 5299 5300 -1 5301 5302 5303 -1 5304 5305 5306 -1 5307 5308 5309 -1 5310 5311 5312 -1 5313 5314 5315 -1 5316 5317 5318 -1 5319 5320 5321 -1 5322 5323 5324 -1 5325 5326 5327 -1 5328 5329 5330 -1 5331 5332 5333 -1 5334 5335 5336 -1 5337 5338 5339 -1 5340 5341 5342 -1 5343 5344 5345 -1 5346 5347 5348 -1 5349 5350 5351 -1 5352 5353 5354 -1 5355 5356 5357 -1 5358 5359 5360 -1 5361 5362 5363 -1 5364 5365 5366 -1 5367 5368 5369 -1 5370 5371 5372 -1 5373 5374 5375 -1 5376 5377 5378 -1 5379 5380 5381 -1 5382 5383 5384 -1 5385 5386 5387 -1 "
						                coordIndex="4 1 0 -1 5 0 1 -1 5 2 0 -1 2 3 0 -1 4 0 3 -1 1 8 5 -1 5 10 6 -1 6 2 5 -1 7 5 8 -1 7 9 5 -1 5 9 10 -1 9 12 10 -1 10 14 11 -1 13 10 11 -1 13 6 10 -1 10 12 14 -1 12 16 14 -1 11 14 15 -1 14 17 15 -1 14 16 17 -1 15 17 18 -1 17 20 18 -1 17 16 21 -1 17 19 20 -1 17 21 19 -1 23 21 22 -1 24 22 21 -1 25 19 21 -1 24 21 16 -1 25 21 23 -1 26 25 23 -1 26 19 25 -1 27 20 26 -1 26 23 27 -1 26 20 19 -1 23 22 27 -1 27 22 20 -1 30 24 28 -1 24 31 28 -1 32 18 24 -1 18 22 24 -1 16 29 24 -1 24 29 31 -1 32 24 30 -1 34 15 32 -1 15 18 32 -1 33 32 30 -1 34 32 33 -1 35 34 33 -1 13 34 35 -1 11 15 34 -1 13 11 34 -1 35 42 36 -1 36 39 35 -1 35 33 37 -1 37 41 35 -1 38 35 41 -1 38 40 35 -1 13 35 39 -1 35 40 42 -1 40 44 42 -1 42 46 43 -1 45 42 43 -1 45 36 42 -1 42 44 46 -1 44 48 46 -1 43 46 47 -1 46 49 47 -1 46 48 49 -1 47 49 50 -1 49 52 50 -1 48 51 49 -1 49 51 52 -1 55 53 52 -1 50 52 53 -1 54 52 51 -1 55 52 54 -1 54 56 55 -1 56 53 55 -1 54 57 56 -1 57 58 56 -1 56 58 53 -1 59 53 58 -1 57 51 58 -1 48 58 51 -1 59 58 48 -1 62 59 60 -1 59 63 60 -1 64 50 59 -1 50 53 59 -1 48 61 59 -1 59 61 63 -1 64 59 62 -1 66 47 64 -1 47 50 64 -1 65 64 62 -1 66 64 65 -1 67 66 65 -1 45 66 67 -1 43 47 66 -1 45 43 66 -1 68 67 71 -1 68 69 67 -1 67 69 72 -1 70 71 67 -1 67 65 70 -1 67 72 45 -1 45 72 73 -1 72 76 73 -1 72 69 75 -1 72 74 76 -1 72 75 74 -1 74 78 76 -1 73 76 77 -1 76 79 77 -1 76 78 79 -1 78 81 79 -1 77 79 80 -1 79 82 80 -1 79 81 82 -1 80 82 83 -1 81 86 82 -1 82 87 83 -1 82 88 84 -1 84 85 82 -1 82 85 87 -1 82 86 88 -1 89 88 86 -1 91 88 89 -1 84 88 90 -1 91 90 88 -1 92 90 91 -1 89 92 91 -1 92 93 90 -1 94 93 92 -1 89 94 92 -1 94 86 93 -1 89 86 94 -1 95 90 93 -1 81 93 86 -1 95 93 81 -1 78 95 81 -1 96 95 78 -1 96 84 95 -1 84 90 95 -1 74 96 78 -1 75 97 96 -1 97 84 96 -1 75 96 74 -1 100 98 97 -1 98 99 97 -1 100 97 75 -1 97 99 84 -1 101 100 75 -1 103 100 101 -1 102 98 100 -1 103 102 100 -1 103 104 77 -1 103 107 104 -1 103 101 106 -1 103 105 107 -1 103 106 105 -1 103 77 102 -1 105 109 107 -1 104 107 108 -1 107 110 108 -1 107 109 110 -1 109 112 110 -1 108 110 111 -1 110 113 111 -1 110 112 113 -1 111 113 114 -1 112 117 113 -1 113 118 114 -1 113 119 115 -1 115 116 113 -1 113 116 118 -1 113 117 119 -1 122 120 119 -1 115 119 120 -1 121 119 117 -1 122 119 121 -1 121 123 122 -1 123 120 122 -1 121 124 123 -1 124 125 123 -1 123 125 120 -1 126 120 125 -1 124 117 125 -1 112 125 117 -1 126 125 112 -1 109 126 112 -1 127 126 109 -1 127 115 126 -1 115 120 126 -1 105 127 109 -1 106 128 127 -1 128 115 127 -1 106 127 105 -1 131 129 128 -1 129 130 128 -1 131 128 106 -1 128 130 115 -1 132 131 106 -1 134 131 132 -1 133 129 131 -1 134 133 131 -1 134 135 108 -1 134 138 135 -1 134 132 137 -1 134 108 133 -1 134 136 138 -1 134 137 136 -1 136 140 138 -1 135 138 139 -1 138 141 139 -1 138 140 141 -1 140 143 141 -1 139 141 142 -1 141 144 142 -1 141 143 144 -1 142 144 145 -1 144 149 145 -1 143 148 144 -1 144 150 146 -1 146 147 144 -1 144 147 149 -1 144 148 150 -1 151 150 148 -1 153 150 151 -1 146 150 152 -1 153 152 150 -1 154 152 153 -1 151 154 153 -1 154 155 152 -1 156 155 154 -1 151 156 154 -1 156 148 155 -1 151 148 156 -1 157 152 155 -1 143 155 148 -1 157 155 143 -1 158 146 157 -1 146 152 157 -1 140 157 143 -1 158 157 140 -1 136 158 140 -1 137 159 158 -1 159 146 158 -1 137 158 136 -1 162 160 159 -1 160 161 159 -1 162 159 137 -1 159 161 146 -1 132 162 137 -1 165 163 162 -1 163 160 162 -1 132 164 162 -1 165 162 164 -1 164 167 165 -1 165 166 139 -1 165 168 166 -1 165 139 163 -1 165 167 168 -1 167 169 168 -1 166 168 171 -1 37 170 168 -1 168 172 37 -1 168 169 172 -1 171 168 170 -1 169 174 172 -1 176 172 173 -1 172 175 173 -1 176 37 172 -1 172 174 175 -1 176 180 37 -1 176 177 179 -1 176 181 177 -1 176 178 180 -1 176 179 178 -1 176 173 181 -1 177 181 182 -1 181 184 182 -1 181 183 184 -1 173 183 181 -1 183 186 184 -1 182 184 185 -1 184 187 185 -1 184 186 187 -1 185 187 188 -1 187 193 188 -1 186 190 187 -1 189 191 187 -1 187 192 189 -1 187 190 192 -1 187 191 193 -1 194 193 191 -1 196 193 194 -1 188 193 195 -1 196 195 193 -1 197 195 196 -1 198 196 194 -1 198 197 196 -1 198 191 199 -1 194 191 198 -1 198 199 197 -1 197 199 195 -1 189 199 191 -1 200 195 199 -1 200 199 189 -1 174 200 189 -1 201 200 174 -1 201 188 200 -1 188 195 200 -1 202 185 201 -1 185 188 201 -1 169 201 174 -1 202 201 169 -1 167 202 169 -1 182 185 202 -1 167 182 202 -1 203 192 190 -1 205 192 203 -1 189 192 204 -1 205 204 192 -1 206 205 203 -1 206 204 205 -1 207 208 206 -1 206 203 207 -1 206 208 204 -1 186 208 190 -1 207 190 208 -1 209 204 208 -1 209 208 186 -1 183 209 186 -1 175 209 183 -1 175 189 209 -1 189 204 209 -1 203 190 207 -1 174 189 175 -1 173 175 183 -1 167 210 182 -1 177 182 210 -1 214 211 210 -1 211 212 210 -1 164 210 167 -1 214 210 164 -1 210 213 177 -1 210 212 213 -1 214 218 215 -1 215 211 214 -1 214 164 217 -1 214 216 218 -1 214 217 216 -1 215 218 219 -1 218 221 219 -1 216 220 218 -1 218 220 221 -1 220 223 221 -1 219 221 222 -1 221 224 222 -1 221 223 224 -1 222 224 225 -1 224 230 225 -1 223 227 224 -1 226 228 224 -1 224 229 226 -1 224 227 229 -1 224 228 230 -1 231 230 228 -1 233 230 231 -1 225 230 232 -1 233 232 230 -1 234 232 233 -1 235 233 231 -1 235 234 233 -1 235 228 236 -1 231 228 235 -1 235 236 234 -1 234 236 232 -1 226 236 228 -1 237 232 236 -1 237 236 226 -1 239 225 237 -1 225 232 237 -1 238 237 226 -1 239 237 238 -1 241 222 239 -1 222 225 239 -1 240 239 238 -1 241 239 240 -1 242 241 240 -1 219 222 241 -1 242 219 241 -1 242 132 245 -1 242 240 132 -1 242 243 219 -1 242 246 243 -1 242 244 246 -1 242 245 244 -1 243 246 247 -1 246 249 247 -1 246 248 249 -1 244 248 246 -1 248 251 249 -1 247 249 250 -1 249 252 250 -1 249 251 252 -1 250 252 253 -1 252 258 253 -1 251 255 252 -1 254 256 252 -1 252 257 254 -1 252 255 257 -1 252 256 258 -1 259 258 256 -1 261 258 259 -1 253 258 260 -1 261 260 258 -1 263 261 259 -1 263 262 261 -1 262 260 261 -1 259 256 263 -1 263 264 262 -1 263 256 264 -1 262 264 260 -1 254 264 256 -1 265 260 264 -1 265 264 254 -1 267 253 265 -1 253 260 265 -1 266 265 254 -1 267 265 266 -1 269 250 267 -1 250 253 267 -1 268 267 266 -1 269 267 268 -1 270 269 268 -1 247 250 269 -1 270 247 269 -1 270 101 273 -1 270 268 101 -1 270 271 247 -1 270 274 271 -1 270 272 274 -1 270 273 272 -1 271 274 275 -1 274 277 275 -1 274 276 277 -1 272 276 274 -1 276 279 277 -1 275 277 278 -1 277 280 278 -1 277 279 280 -1 278 280 281 -1 280 286 281 -1 279 283 280 -1 282 284 280 -1 280 285 282 -1 280 283 285 -1 280 284 286 -1 287 286 284 -1 289 286 287 -1 281 286 288 -1 289 288 286 -1 290 288 289 -1 291 289 287 -1 291 290 289 -1 291 284 292 -1 287 284 291 -1 291 292 290 -1 290 292 288 -1 282 292 284 -1 293 288 292 -1 293 292 282 -1 295 281 293 -1 281 288 293 -1 294 293 282 -1 295 293 294 -1 297 278 295 -1 278 281 295 -1 296 295 294 -1 297 295 296 -1 298 297 296 -1 298 275 297 -1 275 278 297 -1 68 298 69 -1 298 296 69 -1 298 299 275 -1 300 299 298 -1 300 298 68 -1 301 300 303 -1 301 299 300 -1 300 305 302 -1 302 303 300 -1 300 304 305 -1 68 304 300 -1 304 306 305 -1 309 302 305 -1 305 306 308 -1 309 305 307 -1 305 308 307 -1 309 70 311 -1 309 313 70 -1 309 312 302 -1 309 310 312 -1 309 311 310 -1 309 307 313 -1 307 314 313 -1 70 313 71 -1 313 315 71 -1 313 314 315 -1 314 317 315 -1 71 315 316 -1 315 318 316 -1 315 317 318 -1 316 318 319 -1 317 322 318 -1 318 323 319 -1 318 324 320 -1 320 321 318 -1 318 321 323 -1 318 322 324 -1 325 324 322 -1 327 324 325 -1 320 324 326 -1 327 326 324 -1 328 326 327 -1 325 328 327 -1 328 329 326 -1 330 329 328 -1 325 330 328 -1 330 322 329 -1 325 322 330 -1 331 326 329 -1 317 329 322 -1 331 329 317 -1 314 331 317 -1 308 331 314 -1 308 320 331 -1 320 326 331 -1 334 332 323 -1 319 323 332 -1 333 323 321 -1 334 323 333 -1 335 332 334 -1 334 336 335 -1 334 333 336 -1 336 337 335 -1 333 321 336 -1 336 321 337 -1 335 337 332 -1 338 332 337 -1 320 337 321 -1 338 337 320 -1 306 338 320 -1 339 338 306 -1 339 319 338 -1 319 332 338 -1 304 339 306 -1 340 339 304 -1 340 316 339 -1 316 319 339 -1 71 316 340 -1 68 71 340 -1 68 340 304 -1 306 320 308 -1 307 308 314 -1 302 312 341 -1 312 343 341 -1 312 342 343 -1 310 342 312 -1 342 345 343 -1 341 343 344 -1 343 346 344 -1 343 345 346 -1 344 346 347 -1 346 352 347 -1 345 349 346 -1 348 350 346 -1 346 351 348 -1 346 349 351 -1 346 350 352 -1 353 352 350 -1 355 352 353 -1 347 352 354 -1 355 354 352 -1 357 355 353 -1 357 356 355 -1 356 354 355 -1 353 350 357 -1 357 358 356 -1 357 350 358 -1 356 358 354 -1 348 358 350 -1 359 354 358 -1 359 358 348 -1 360 359 348 -1 361 359 360 -1 361 347 359 -1 347 354 359 -1 363 344 361 -1 344 347 361 -1 362 361 360 -1 363 361 362 -1 364 363 362 -1 341 344 363 -1 364 341 363 -1 364 177 213 -1 364 362 177 -1 364 365 341 -1 364 367 365 -1 364 366 367 -1 364 213 366 -1 365 367 368 -1 367 370 368 -1 367 369 370 -1 366 369 367 -1 369 372 370 -1 368 370 371 -1 370 373 371 -1 370 372 373 -1 371 373 374 -1 373 379 374 -1 372 376 373 -1 375 377 373 -1 373 378 375 -1 373 376 378 -1 373 377 379 -1 380 379 377 -1 382 379 380 -1 374 379 381 -1 382 381 379 -1 383 381 382 -1 384 382 380 -1 384 383 382 -1 384 377 385 -1 380 377 384 -1 384 385 383 -1 383 385 381 -1 375 385 377 -1 386 381 385 -1 386 385 375 -1 387 386 375 -1 388 386 387 -1 388 374 386 -1 374 381 386 -1 389 371 388 -1 371 374 388 -1 212 388 387 -1 389 388 212 -1 211 389 212 -1 368 371 389 -1 211 368 389 -1 213 387 390 -1 387 375 390 -1 212 387 213 -1 366 390 369 -1 390 391 369 -1 213 390 366 -1 390 375 391 -1 369 391 372 -1 391 393 372 -1 375 392 391 -1 391 392 393 -1 395 376 393 -1 372 393 376 -1 394 393 392 -1 395 393 394 -1 394 396 395 -1 396 376 395 -1 394 397 396 -1 397 378 396 -1 396 378 376 -1 394 392 397 -1 397 392 378 -1 375 378 392 -1 211 398 368 -1 365 368 398 -1 402 399 398 -1 399 400 398 -1 215 398 211 -1 402 398 215 -1 398 401 365 -1 398 400 401 -1 402 406 403 -1 403 399 402 -1 402 215 405 -1 402 404 406 -1 402 405 404 -1 403 406 407 -1 406 409 407 -1 404 408 406 -1 406 408 409 -1 408 411 409 -1 407 409 410 -1 409 412 410 -1 409 411 412 -1 410 412 413 -1 412 418 413 -1 411 415 412 -1 414 416 412 -1 412 417 414 -1 412 415 417 -1 412 416 418 -1 419 418 416 -1 421 418 419 -1 413 418 420 -1 421 420 418 -1 422 420 421 -1 423 421 419 -1 423 422 421 -1 423 416 424 -1 419 416 423 -1 423 424 422 -1 422 424 420 -1 414 424 416 -1 425 420 424 -1 425 424 414 -1 427 413 425 -1 413 420 425 -1 426 425 414 -1 427 425 426 -1 429 410 427 -1 410 413 427 -1 428 427 426 -1 429 427 428 -1 430 429 428 -1 407 410 429 -1 430 407 429 -1 430 243 433 -1 430 428 243 -1 430 431 407 -1 430 434 431 -1 430 432 434 -1 430 433 432 -1 431 434 435 -1 434 437 435 -1 434 436 437 -1 432 436 434 -1 436 439 437 -1 435 437 438 -1 437 440 438 -1 437 439 440 -1 438 440 441 -1 440 446 441 -1 439 443 440 -1 442 444 440 -1 440 445 442 -1 440 443 445 -1 440 444 446 -1 447 446 444 -1 449 446 447 -1 441 446 448 -1 449 448 446 -1 451 449 447 -1 451 450 449 -1 450 448 449 -1 447 444 451 -1 451 452 450 -1 451 444 452 -1 450 452 448 -1 442 452 444 -1 453 448 452 -1 453 452 442 -1 454 453 442 -1 455 453 454 -1 455 441 453 -1 441 448 453 -1 457 438 455 -1 438 441 455 -1 456 455 454 -1 457 455 456 -1 458 457 456 -1 435 438 457 -1 458 435 457 -1 458 271 461 -1 458 456 271 -1 458 459 435 -1 458 462 459 -1 458 460 462 -1 458 461 460 -1 459 462 463 -1 462 465 463 -1 462 464 465 -1 460 464 462 -1 464 467 465 -1 463 465 466 -1 465 468 466 -1 465 467 468 -1 466 468 469 -1 468 474 469 -1 467 471 468 -1 470 472 468 -1 468 473 470 -1 468 471 473 -1 468 472 474 -1 475 474 472 -1 477 474 475 -1 469 474 476 -1 477 476 474 -1 478 476 477 -1 479 477 475 -1 479 478 477 -1 479 472 480 -1 475 472 479 -1 479 480 478 -1 478 480 476 -1 470 480 472 -1 481 476 480 -1 481 480 470 -1 482 481 470 -1 483 481 482 -1 483 469 481 -1 469 476 481 -1 485 466 483 -1 466 469 483 -1 484 483 482 -1 485 483 484 -1 486 485 484 -1 486 463 485 -1 463 466 485 -1 301 486 299 -1 486 484 299 -1 486 487 463 -1 488 487 486 -1 488 486 301 -1 488 489 494 -1 488 492 489 -1 488 493 487 -1 488 490 493 -1 488 494 490 -1 488 491 492 -1 301 491 488 -1 494 497 490 -1 498 495 494 -1 495 496 494 -1 494 496 497 -1 498 494 489 -1 499 495 498 -1 498 503 499 -1 489 501 498 -1 498 500 503 -1 502 500 498 -1 502 498 501 -1 500 504 503 -1 399 499 503 -1 503 504 506 -1 503 506 505 -1 399 503 505 -1 505 506 507 -1 506 509 507 -1 504 508 506 -1 506 508 509 -1 508 511 509 -1 507 509 510 -1 509 512 510 -1 509 511 512 -1 513 512 511 -1 515 512 513 -1 510 512 514 -1 515 514 512 -1 516 514 515 -1 516 515 513 -1 516 517 514 -1 518 517 516 -1 516 513 518 -1 518 511 517 -1 513 511 518 -1 508 517 511 -1 519 514 517 -1 519 517 508 -1 520 519 521 -1 524 519 520 -1 524 510 519 -1 510 514 519 -1 519 523 521 -1 508 522 519 -1 519 522 523 -1 400 507 524 -1 507 510 524 -1 401 524 520 -1 400 524 401 -1 527 525 523 -1 521 523 525 -1 526 523 522 -1 527 523 526 -1 528 525 527 -1 527 529 528 -1 527 526 529 -1 529 530 528 -1 526 522 529 -1 529 522 530 -1 528 530 525 -1 531 525 530 -1 508 530 522 -1 531 530 508 -1 504 531 508 -1 532 531 504 -1 532 521 531 -1 521 525 531 -1 500 532 504 -1 533 532 500 -1 533 520 532 -1 520 521 532 -1 401 520 533 -1 502 401 533 -1 502 533 500 -1 505 507 400 -1 399 505 400 -1 502 365 401 -1 502 535 365 -1 502 534 535 -1 502 501 534 -1 534 537 535 -1 365 535 536 -1 535 538 536 -1 535 537 538 -1 537 540 538 -1 536 538 539 -1 538 541 539 -1 538 540 541 -1 539 541 542 -1 540 545 541 -1 541 546 542 -1 541 547 543 -1 543 544 541 -1 541 544 546 -1 541 545 547 -1 548 547 545 -1 550 547 548 -1 543 547 549 -1 550 549 547 -1 548 551 550 -1 551 549 550 -1 548 552 551 -1 552 553 551 -1 551 553 549 -1 554 549 553 -1 540 553 545 -1 552 545 553 -1 554 553 540 -1 555 543 554 -1 543 549 554 -1 537 554 540 -1 555 554 537 -1 534 555 537 -1 501 556 555 -1 556 543 555 -1 501 555 534 -1 559 557 556 -1 557 558 556 -1 559 556 501 -1 556 558 543 -1 489 559 501 -1 561 559 489 -1 560 557 559 -1 561 560 559 -1 561 302 536 -1 561 563 302 -1 561 489 492 -1 561 536 560 -1 561 562 563 -1 561 492 562 -1 562 564 563 -1 302 563 303 -1 563 565 303 -1 563 564 565 -1 564 567 565 -1 303 565 566 -1 565 568 566 -1 565 567 568 -1 566 568 569 -1 567 572 568 -1 568 573 569 -1 568 574 570 -1 570 571 568 -1 568 571 573 -1 568 572 574 -1 570 574 575 -1 577 575 574 -1 576 574 572 -1 577 574 576 -1 576 578 577 -1 578 575 577 -1 576 579 578 -1 579 580 578 -1 578 580 575 -1 581 575 580 -1 579 572 580 -1 567 580 572 -1 581 580 567 -1 582 570 581 -1 570 575 581 -1 564 581 567 -1 582 581 564 -1 562 582 564 -1 492 583 582 -1 583 570 582 -1 492 582 562 -1 491 584 583 -1 584 585 583 -1 491 583 492 -1 583 585 570 -1 584 569 585 -1 569 586 585 -1 585 587 570 -1 585 586 587 -1 588 587 586 -1 589 587 588 -1 570 587 571 -1 589 571 587 -1 591 589 588 -1 591 590 589 -1 590 571 589 -1 588 586 591 -1 591 573 590 -1 591 586 573 -1 590 573 571 -1 569 573 586 -1 592 584 491 -1 592 566 584 -1 566 569 584 -1 301 303 592 -1 303 566 592 -1 301 592 491 -1 576 572 579 -1 536 539 560 -1 560 539 557 -1 557 542 558 -1 542 593 558 -1 558 594 543 -1 558 593 594 -1 595 594 593 -1 596 594 595 -1 543 594 544 -1 596 544 594 -1 598 596 595 -1 598 597 596 -1 597 544 596 -1 595 593 598 -1 598 546 597 -1 598 593 546 -1 597 546 544 -1 542 546 593 -1 539 542 557 -1 548 545 552 -1 365 536 302 -1 403 499 399 -1 403 599 499 -1 499 599 495 -1 403 600 599 -1 600 601 599 -1 599 602 495 -1 599 601 602 -1 495 602 496 -1 605 602 601 -1 604 496 602 -1 605 603 602 -1 604 602 603 -1 607 605 606 -1 605 608 606 -1 607 603 605 -1 605 601 608 -1 606 608 609 -1 600 608 601 -1 610 609 608 -1 610 608 600 -1 403 431 610 -1 459 610 431 -1 403 610 600 -1 459 611 610 -1 611 609 610 -1 487 611 459 -1 487 493 611 -1 493 612 611 -1 611 612 609 -1 493 613 612 -1 615 612 613 -1 616 609 612 -1 615 614 612 -1 616 612 614 -1 618 606 616 -1 606 609 616 -1 617 616 614 -1 618 616 617 -1 618 619 620 -1 617 619 618 -1 618 620 607 -1 607 606 618 -1 620 619 622 -1 607 620 621 -1 620 622 621 -1 617 622 619 -1 624 622 617 -1 621 622 623 -1 624 623 622 -1 625 624 614 -1 625 623 624 -1 617 614 624 -1 626 627 625 -1 625 628 626 -1 625 615 628 -1 625 614 615 -1 625 627 623 -1 626 628 604 -1 628 496 604 -1 615 497 628 -1 628 497 496 -1 626 629 627 -1 630 627 629 -1 630 623 627 -1 621 623 630 -1 631 630 629 -1 632 621 630 -1 632 630 631 -1 607 632 603 -1 607 621 632 -1 631 603 632 -1 626 604 631 -1 631 629 626 -1 631 604 603 -1 615 613 497 -1 490 497 613 -1 490 613 493 -1 459 463 487 -1 299 484 461 -1 484 482 461 -1 461 482 633 -1 482 470 633 -1 460 633 464 -1 633 634 464 -1 461 633 460 -1 633 470 634 -1 464 634 467 -1 634 636 467 -1 470 635 634 -1 634 635 636 -1 637 636 635 -1 638 636 637 -1 467 636 471 -1 638 471 636 -1 639 471 638 -1 637 639 638 -1 639 473 471 -1 640 473 639 -1 637 640 639 -1 637 635 640 -1 640 635 473 -1 470 473 635 -1 299 461 271 -1 431 435 459 -1 271 456 433 -1 456 454 433 -1 433 454 641 -1 454 442 641 -1 432 641 436 -1 641 642 436 -1 433 641 432 -1 641 442 642 -1 436 642 439 -1 642 644 439 -1 442 643 642 -1 642 643 644 -1 646 443 644 -1 439 644 443 -1 645 644 643 -1 646 644 645 -1 645 647 646 -1 647 443 646 -1 645 648 647 -1 648 445 647 -1 647 445 443 -1 645 643 648 -1 648 643 445 -1 442 445 643 -1 271 433 243 -1 403 407 431 -1 243 428 405 -1 428 426 405 -1 405 426 649 -1 426 414 649 -1 404 649 408 -1 649 650 408 -1 405 649 404 -1 649 414 650 -1 408 650 411 -1 650 652 411 -1 414 651 650 -1 650 651 652 -1 653 652 651 -1 654 652 653 -1 411 652 415 -1 654 415 652 -1 653 655 654 -1 655 415 654 -1 653 656 655 -1 656 417 655 -1 655 417 415 -1 653 651 656 -1 656 651 417 -1 414 417 651 -1 243 405 215 -1 302 341 365 -1 177 362 311 -1 362 360 311 -1 311 360 657 -1 360 348 657 -1 310 657 342 -1 657 658 342 -1 311 657 310 -1 657 348 658 -1 342 658 345 -1 658 660 345 -1 348 659 658 -1 658 659 660 -1 661 660 659 -1 662 660 661 -1 345 660 349 -1 662 349 660 -1 661 663 662 -1 663 349 662 -1 661 664 663 -1 664 351 663 -1 663 351 349 -1 661 659 664 -1 664 659 351 -1 348 351 659 -1 177 311 70 -1 271 275 299 -1 69 296 273 -1 296 294 273 -1 273 294 665 -1 294 282 665 -1 272 665 276 -1 665 666 276 -1 273 665 272 -1 665 282 666 -1 276 666 279 -1 666 668 279 -1 282 667 666 -1 666 667 668 -1 670 283 668 -1 279 668 283 -1 669 668 667 -1 670 668 669 -1 669 671 670 -1 671 283 670 -1 669 672 671 -1 672 285 671 -1 671 285 283 -1 669 667 672 -1 672 667 285 -1 282 285 667 -1 69 273 101 -1 243 247 271 -1 101 268 245 -1 268 266 245 -1 245 266 673 -1 266 254 673 -1 244 673 248 -1 673 674 248 -1 245 673 244 -1 673 254 674 -1 248 674 251 -1 674 676 251 -1 254 675 674 -1 674 675 676 -1 678 255 676 -1 251 676 255 -1 677 676 675 -1 678 676 677 -1 677 679 678 -1 679 255 678 -1 677 680 679 -1 680 257 679 -1 679 257 255 -1 677 675 680 -1 680 675 257 -1 254 257 675 -1 101 245 132 -1 215 219 243 -1 240 238 217 -1 164 240 217 -1 164 132 240 -1 217 238 681 -1 238 226 681 -1 216 681 220 -1 681 682 220 -1 217 681 216 -1 681 226 682 -1 220 682 223 -1 682 684 223 -1 226 683 682 -1 682 683 684 -1 686 227 684 -1 223 684 227 -1 685 684 683 -1 686 684 685 -1 685 687 686 -1 687 227 686 -1 685 688 687 -1 688 229 687 -1 687 229 227 -1 685 683 688 -1 688 683 229 -1 226 229 683 -1 178 689 180 -1 37 180 41 -1 180 690 41 -1 180 689 690 -1 689 692 690 -1 41 690 691 -1 690 693 691 -1 690 692 693 -1 691 693 694 -1 692 697 693 -1 693 698 694 -1 693 699 695 -1 695 696 693 -1 693 696 698 -1 693 697 699 -1 700 699 697 -1 702 699 700 -1 695 699 701 -1 702 701 699 -1 700 703 702 -1 703 701 702 -1 700 704 703 -1 704 705 703 -1 703 705 701 -1 706 701 705 -1 692 705 697 -1 704 697 705 -1 706 705 692 -1 689 706 692 -1 707 706 689 -1 707 695 706 -1 695 701 706 -1 178 707 689 -1 179 708 707 -1 708 695 707 -1 179 707 178 -1 711 709 708 -1 709 710 708 -1 711 708 179 -1 708 710 695 -1 70 711 179 -1 38 711 70 -1 712 709 711 -1 38 712 711 -1 41 691 712 -1 38 41 712 -1 712 691 709 -1 709 694 710 -1 694 713 710 -1 710 714 695 -1 710 713 714 -1 715 714 713 -1 716 714 715 -1 695 714 696 -1 716 696 714 -1 717 696 716 -1 718 716 715 -1 718 717 716 -1 718 713 698 -1 715 713 718 -1 718 698 717 -1 717 698 696 -1 694 698 713 -1 691 694 709 -1 700 697 704 -1 70 179 177 -1 4 171 1 -1 171 720 1 -1 171 719 720 -1 171 170 719 -1 166 171 4 -1 719 721 720 -1 1 720 8 -1 720 722 8 -1 720 721 722 -1 721 724 722 -1 8 722 723 -1 722 725 723 -1 722 724 725 -1 724 729 725 -1 723 725 726 -1 726 725 728 -1 725 730 727 -1 727 728 725 -1 725 729 730 -1 731 730 729 -1 733 730 731 -1 727 730 732 -1 733 732 730 -1 734 732 733 -1 731 734 733 -1 734 735 732 -1 736 735 734 -1 731 736 734 -1 736 729 735 -1 731 729 736 -1 737 732 735 -1 724 735 729 -1 737 735 724 -1 721 737 724 -1 738 737 721 -1 738 727 737 -1 727 732 737 -1 719 738 721 -1 739 727 738 -1 170 739 738 -1 170 738 719 -1 742 740 739 -1 740 741 739 -1 742 739 170 -1 739 741 727 -1 37 742 170 -1 7 742 37 -1 743 740 742 -1 7 743 742 -1 8 723 743 -1 7 8 743 -1 743 723 740 -1 740 726 741 -1 726 744 741 -1 741 745 727 -1 741 744 745 -1 746 745 744 -1 747 728 745 -1 727 745 728 -1 747 745 746 -1 749 747 746 -1 749 748 747 -1 748 728 747 -1 746 744 749 -1 749 750 748 -1 749 744 750 -1 726 750 744 -1 748 750 728 -1 726 728 750 -1 723 726 740 -1 4 751 166 -1 135 139 166 -1 166 752 135 -1 166 751 752 -1 751 753 752 -1 756 135 752 -1 752 753 755 -1 756 752 754 -1 752 755 754 -1 756 758 2 -1 2 757 756 -1 756 759 135 -1 756 754 758 -1 756 757 759 -1 760 759 757 -1 135 759 760 -1 104 760 761 -1 135 760 104 -1 760 757 761 -1 763 761 762 -1 761 764 762 -1 104 761 763 -1 761 757 764 -1 765 762 764 -1 2 764 757 -1 765 764 2 -1 768 766 765 -1 766 767 765 -1 6 765 2 -1 763 765 767 -1 763 762 765 -1 768 765 6 -1 769 768 770 -1 769 766 768 -1 6 770 768 -1 6 771 770 -1 771 773 770 -1 769 770 772 -1 770 774 772 -1 770 773 774 -1 773 776 774 -1 772 774 775 -1 774 777 775 -1 774 776 777 -1 775 777 778 -1 777 780 778 -1 777 776 781 -1 777 779 780 -1 777 781 779 -1 784 782 781 -1 783 781 782 -1 785 779 781 -1 784 781 776 -1 785 781 783 -1 786 785 783 -1 786 779 785 -1 786 780 779 -1 787 780 786 -1 786 783 787 -1 787 782 780 -1 783 782 787 -1 790 784 788 -1 784 791 788 -1 792 778 784 -1 778 782 784 -1 776 789 784 -1 784 789 791 -1 792 784 790 -1 793 775 792 -1 775 778 792 -1 39 792 790 -1 793 792 39 -1 36 793 39 -1 769 793 36 -1 772 775 793 -1 769 772 793 -1 794 791 789 -1 796 791 794 -1 788 791 795 -1 796 795 791 -1 797 795 796 -1 798 796 794 -1 798 797 796 -1 798 789 799 -1 794 789 798 -1 798 799 797 -1 797 799 795 -1 776 799 789 -1 800 795 799 -1 800 799 776 -1 801 788 800 -1 788 795 800 -1 773 800 776 -1 801 800 773 -1 802 790 801 -1 790 788 801 -1 771 801 773 -1 802 801 771 -1 13 802 771 -1 39 790 802 -1 13 39 802 -1 778 780 782 -1 13 771 6 -1 36 803 769 -1 769 803 766 -1 803 806 766 -1 803 73 805 -1 36 73 803 -1 803 804 806 -1 803 805 804 -1 804 807 806 -1 766 806 767 -1 806 808 767 -1 806 807 808 -1 807 810 808 -1 767 808 809 -1 808 811 809 -1 808 810 811 -1 809 811 812 -1 810 815 811 -1 812 811 814 -1 811 816 813 -1 813 814 811 -1 811 815 816 -1 819 817 816 -1 813 816 817 -1 818 816 815 -1 819 816 818 -1 818 820 819 -1 820 817 819 -1 818 821 820 -1 821 822 820 -1 820 822 817 -1 823 817 822 -1 821 815 822 -1 810 822 815 -1 823 822 810 -1 807 823 810 -1 824 823 807 -1 824 813 823 -1 813 817 823 -1 804 824 807 -1 805 825 824 -1 825 813 824 -1 805 824 804 -1 828 826 825 -1 826 827 825 -1 828 825 805 -1 825 827 813 -1 104 828 805 -1 763 828 104 -1 829 826 828 -1 763 829 828 -1 767 809 829 -1 763 767 829 -1 829 809 826 -1 826 812 827 -1 812 830 827 -1 827 831 813 -1 827 830 831 -1 832 831 830 -1 833 831 832 -1 813 831 814 -1 833 814 831 -1 834 814 833 -1 835 833 832 -1 835 834 833 -1 835 830 836 -1 832 830 835 -1 835 836 834 -1 834 836 814 -1 812 836 830 -1 812 814 836 -1 809 812 826 -1 818 815 821 -1 104 805 73 -1 754 837 758 -1 2 758 3 -1 758 838 3 -1 758 837 838 -1 837 840 838 -1 3 838 839 -1 838 841 839 -1 838 840 841 -1 839 841 842 -1 841 846 842 -1 840 845 841 -1 841 847 843 -1 843 844 841 -1 841 844 846 -1 841 845 847 -1 848 847 845 -1 850 847 848 -1 850 849 847 -1 851 847 849 -1 851 843 847 -1 755 843 851 -1 837 851 840 -1 851 852 840 -1 851 849 852 -1 755 851 837 -1 853 852 849 -1 854 852 853 -1 840 852 845 -1 854 845 852 -1 848 845 854 -1 848 854 853 -1 853 849 850 -1 848 853 850 -1 855 846 844 -1 857 846 855 -1 842 846 856 -1 857 856 846 -1 858 856 857 -1 857 859 858 -1 857 855 859 -1 859 860 858 -1 855 844 859 -1 859 844 860 -1 858 860 856 -1 861 856 860 -1 843 860 844 -1 861 860 843 -1 753 861 843 -1 862 861 753 -1 862 842 861 -1 842 856 861 -1 751 862 753 -1 863 839 862 -1 839 842 862 -1 863 862 751 -1 4 863 751 -1 3 839 863 -1 4 3 863 -1 753 843 755 -1 754 755 837 -1 139 142 163 -1 163 142 160 -1 160 145 161 -1 145 864 161 -1 161 865 146 -1 161 864 865 -1 866 865 864 -1 867 865 866 -1 146 865 147 -1 867 147 865 -1 868 147 867 -1 869 867 866 -1 869 868 867 -1 869 864 149 -1 866 864 869 -1 869 149 868 -1 868 149 147 -1 145 149 864 -1 142 145 160 -1 104 108 135 -1 108 111 133 -1 133 111 129 -1 132 106 101 -1 129 114 130 -1 114 870 130 -1 130 871 115 -1 130 870 871 -1 872 871 870 -1 873 871 872 -1 115 871 116 -1 873 116 871 -1 875 873 872 -1 875 874 873 -1 874 116 873 -1 872 870 875 -1 875 118 874 -1 875 870 118 -1 874 118 116 -1 114 118 870 -1 111 114 129 -1 121 117 124 -1 73 77 104 -1 77 80 102 -1 102 80 98 -1 101 75 69 -1 98 83 99 -1 83 876 99 -1 99 877 84 -1 99 876 877 -1 878 877 876 -1 879 85 877 -1 84 877 85 -1 879 877 878 -1 881 879 878 -1 881 880 879 -1 880 85 879 -1 878 876 881 -1 881 87 880 -1 881 876 87 -1 880 87 85 -1 83 87 876 -1 80 83 98 -1 45 73 36 -1 38 70 65 -1 65 62 882 -1 38 65 882 -1 38 882 40 -1 882 883 40 -1 882 62 883 -1 62 60 883 -1 40 883 44 -1 883 884 44 -1 883 60 884 -1 44 884 48 -1 60 885 884 -1 884 886 48 -1 884 885 886 -1 887 886 885 -1 888 886 887 -1 48 886 61 -1 888 61 886 -1 889 61 888 -1 888 890 889 -1 888 887 890 -1 890 885 63 -1 887 885 890 -1 890 63 889 -1 889 63 61 -1 60 63 885 -1 54 51 57 -1 7 37 33 -1 33 30 891 -1 7 33 891 -1 7 891 9 -1 891 892 9 -1 891 30 892 -1 30 28 892 -1 9 892 12 -1 892 893 12 -1 892 28 893 -1 28 894 893 -1 12 893 16 -1 893 895 16 -1 893 894 895 -1 897 29 895 -1 16 895 29 -1 896 895 894 -1 897 895 896 -1 898 29 897 -1 897 899 898 -1 897 896 899 -1 899 31 898 -1 896 894 899 -1 899 894 31 -1 898 31 29 -1 28 31 894 -1 18 20 22 -1 "
						                >
							<Coordinate DEF="coords_ME_Cube_030"
							            point="58.219482 -23.551331 0.000000 70.219482 -23.551331 0.000000 58.219482 -27.551331 0.000000 58.219482 -24.801331 0.750000 58.219482 -23.551331 2.000000 70.219482 -27.551331 0.000000 70.219482 -31.551331 0.000000 70.219482 -27.551331 2.000000 70.219482 -26.301331 0.750000 70.219482 -28.801331 0.750000 70.219482 -30.301331 0.750000 70.219482 -30.301331 2.000000 69.919479 -30.301331 0.750000 70.219482 -31.551331 2.000000 69.919479 -30.301331 2.000000 69.919479 -30.301331 3.250000 70.019485 -30.301331 2.000000 70.019485 -30.301331 3.250000 70.019485 -28.801331 3.250000 70.019485 -30.221331 3.170000 70.019485 -28.881330 3.170000 70.019485 -30.221331 2.080000 70.019485 -28.881330 2.080000 69.919479 -30.221331 2.080000 70.019485 -28.801331 2.000000 69.919479 -30.221331 3.170000 69.919479 -28.881330 3.170000 69.919479 -28.881330 2.080000 70.019485 -28.801331 0.750000 70.019485 -28.881330 1.920000 69.919479 -28.801331 2.000000 70.019485 -28.881330 0.830000 69.919479 -28.801331 3.250000 70.219482 -28.801331 3.250000 70.219482 -30.301331 3.250000 70.219482 -31.551331 4.000000 70.219482 -35.551331 4.000000 70.219482 -27.551331 4.000000 70.219482 -31.551331 6.000000 70.219482 -32.801331 3.250000 70.219482 -32.801331 4.750000 70.219482 -30.301331 4.750000 70.219482 -34.301331 4.750000 70.219482 -34.301331 6.000000 69.919479 -34.301331 4.750000 70.219482 -35.551331 6.000000 69.919479 -34.301331 6.000000 69.919479 -34.301331 7.250000 70.019485 -34.301331 6.000000 70.019485 -34.301331 7.250000 70.019485 -32.801331 7.250000 70.019485 -34.221333 7.170000 70.019485 -32.881332 7.170000 70.019485 -32.881332 6.079999 69.919479 -32.881332 7.170000 69.919479 -32.881332 6.079999 69.919479 -34.221333 6.079999 69.919479 -34.221333 7.170000 70.019485 -34.221333 6.079999 70.019485 -32.801331 6.000000 70.019485 -32.801331 4.750000 70.019485 -32.881332 5.920000 69.919479 -32.801331 6.000000 70.019485 -32.881332 4.829999 69.919479 -32.801331 7.250000 70.219482 -32.801331 7.250000 70.219482 -34.301331 7.250000 70.219482 -35.551331 8.000000 70.219482 -35.551331 10.000000 58.219482 -35.551331 8.000000 70.219482 -31.551331 8.000000 70.219482 -34.301331 8.750000 58.219482 -35.551331 6.000000 58.219482 -35.551331 4.000000 58.219482 -34.301331 6.000000 58.219482 -34.301331 7.250000 58.219482 -34.301331 4.750000 58.219482 -32.801331 4.750000 58.519482 -34.301331 4.750000 58.519482 -32.801331 4.750000 58.519482 -32.801331 6.000000 58.419483 -32.801331 4.750000 58.419483 -32.801331 6.000000 58.419483 -32.801331 7.250000 58.419483 -34.301331 6.000000 58.419483 -32.881329 6.079999 58.419483 -32.881329 5.920000 58.419483 -32.881329 7.170000 58.419483 -34.221329 5.920000 58.519482 -34.221329 5.920000 58.419483 -34.221329 4.829999 58.519482 -34.221329 4.829999 58.519482 -32.881329 4.829999 58.419483 -32.881329 4.829999 58.519482 -32.881329 5.920000 58.419483 -34.301331 4.750000 58.519482 -34.301331 6.000000 58.519482 -34.301331 7.250000 58.519482 -32.801331 7.250000 58.419483 -34.301331 7.250000 58.219482 -32.801331 7.250000 58.219482 -31.551331 8.000000 58.219482 -32.801331 6.000000 58.219482 -31.551331 6.000000 58.219482 -31.551331 4.000000 58.219482 -30.301331 6.000000 58.219482 -30.301331 7.250000 58.219482 -30.301331 4.750000 58.219482 -28.801331 4.750000 58.519482 -30.301331 4.750000 58.519482 -28.801331 4.750000 58.519482 -28.801331 6.000000 58.419483 -28.801331 4.750000 58.419483 -28.801331 6.000000 58.419483 -28.801331 7.250000 58.419483 -30.301331 6.000000 58.419483 -28.881330 6.079999 58.419483 -28.881330 5.920000 58.419483 -28.881330 7.170000 58.419483 -30.221331 5.920000 58.419483 -30.221331 4.829999 58.519482 -30.221331 5.920000 58.519482 -30.221331 4.829999 58.519482 -28.881330 4.829999 58.519482 -28.881330 5.920000 58.419483 -28.881330 4.829999 58.419483 -30.301331 4.750000 58.519482 -30.301331 6.000000 58.519482 -30.301331 7.250000 58.519482 -28.801331 7.250000 58.419483 -30.301331 7.250000 58.219482 -28.801331 7.250000 58.219482 -27.551331 8.000000 58.219482 -28.801331 6.000000 58.219482 -27.551331 6.000000 58.219482 -27.551331 4.000000 58.219482 -26.301331 6.000000 58.219482 -26.301331 7.250000 58.219482 -26.301331 4.750000 58.219482 -24.801331 4.750000 58.519482 -26.301331 4.750000 58.519482 -24.801331 4.750000 58.519482 -24.801331 6.000000 58.419483 -24.801331 4.750000 58.419483 -24.801331 6.000000 58.419483 -24.801331 7.250000 58.419483 -26.301331 6.000000 58.419483 -24.881330 6.080000 58.419483 -24.881330 5.920000 58.419483 -24.881330 7.170000 58.419483 -26.221331 5.920000 58.519482 -26.221331 5.920000 58.419483 -26.221331 4.830000 58.519482 -26.221331 4.830000 58.519482 -24.881330 4.830000 58.419483 -24.881330 4.830000 58.519482 -24.881330 5.920000 58.419483 -26.301331 4.750000 58.519482 -26.301331 6.000000 58.519482 -26.301331 7.250000 58.519482 -24.801331 7.250000 58.419483 -26.301331 7.250000 58.219482 -24.801331 7.250000 58.219482 -24.801331 6.000000 58.219482 -23.551331 8.000000 58.219482 -23.551331 6.000000 58.219482 -23.551331 4.000000 70.219482 -23.551331 6.000000 70.219482 -23.551331 4.000000 70.219482 -24.801331 4.750000 70.219482 -24.801331 3.250000 70.219482 -23.551331 2.000000 70.219482 -26.301331 4.750000 70.219482 -26.301331 6.000000 69.919479 -26.301331 4.750000 69.919479 -26.301331 6.000000 70.219482 -27.551331 6.000000 70.219482 -27.551331 8.000000 70.219482 -28.801331 6.000000 70.219482 -28.801331 7.250000 70.219482 -28.801331 4.750000 70.219482 -26.301331 7.250000 70.219482 -24.801331 7.250000 69.919479 -26.301331 7.250000 69.919479 -24.801331 7.250000 69.919479 -24.801331 6.000000 70.019485 -24.801331 7.250000 70.019485 -24.801331 6.000000 70.019485 -24.801331 4.750000 70.019485 -26.301331 6.000000 70.019485 -24.881330 6.079999 70.019485 -24.881330 5.920000 70.019485 -26.221331 6.079999 70.019485 -24.881330 4.829999 69.919479 -24.881330 4.829999 70.019485 -26.221331 4.829999 69.919479 -26.221331 4.829999 69.919479 -26.221331 5.920000 69.919479 -24.881330 5.920000 70.019485 -26.221331 5.920000 70.019485 -26.301331 4.750000 69.919479 -24.801331 4.750000 70.219482 -24.801331 6.000000 69.919479 -26.221331 6.079999 70.019485 -26.221331 7.170000 69.919479 -26.221331 7.170000 69.919479 -24.881330 7.170000 69.919479 -24.881330 6.079999 70.019485 -24.881330 7.170000 70.019485 -26.301331 7.250000 70.219482 -23.551331 8.000000 70.219482 -23.551331 10.000000 70.219482 -24.801331 8.750000 70.219482 -26.301331 8.750000 58.219482 -23.551331 10.000000 58.219482 -23.551331 12.000000 58.219482 -24.801331 10.000000 58.219482 -24.801331 8.750000 58.219482 -24.801331 11.250000 58.219482 -26.301331 11.250000 58.519482 -24.801331 11.250000 58.519482 -26.301331 11.250000 58.519482 -26.301331 10.000000 58.419483 -26.301331 11.250000 58.419483 -26.301331 10.000000 58.419483 -26.301331 8.750000 58.419483 -24.801331 10.000000 58.419483 -26.221331 10.080000 58.419483 -26.221331 9.920000 58.419483 -24.881330 10.080000 58.419483 -26.221331 8.830000 58.519482 -26.221331 8.830000 58.419483 -24.881330 8.830000 58.519482 -24.881330 8.830000 58.519482 -24.881330 9.920000 58.519482 -26.221331 9.920000 58.419483 -24.881330 9.920000 58.419483 -24.801331 8.750000 58.519482 -24.801331 8.750000 58.519482 -26.301331 8.750000 58.219482 -26.301331 8.750000 58.219482 -26.301331 10.000000 58.219482 -27.551331 10.000000 58.219482 -27.551331 12.000000 58.219482 -28.801331 10.000000 58.219482 -28.801331 8.750000 58.219482 -28.801331 11.250000 58.219482 -30.301331 11.250000 58.519482 -28.801331 11.250000 58.519482 -30.301331 11.250000 58.519482 -30.301331 10.000000 58.419483 -30.301331 11.250000 58.419483 -30.301331 10.000000 58.419483 -30.301331 8.750000 58.419483 -28.801331 10.000000 58.419483 -30.221331 10.080000 58.419483 -30.221331 9.920000 58.419483 -28.881330 10.080000 58.419483 -30.221331 8.830000 58.519482 -30.221331 8.830000 58.419483 -28.881330 8.830000 58.519482 -28.881330 8.830000 58.519482 -28.881330 9.920000 58.519482 -30.221331 9.920000 58.419483 -28.881330 9.920000 58.419483 -28.801331 8.750000 58.519482 -28.801331 8.750000 58.519482 -30.301331 8.750000 58.219482 -30.301331 8.750000 58.219482 -30.301331 10.000000 58.219482 -31.551331 10.000000 58.219482 -31.551331 12.000000 58.219482 -32.801331 10.000000 58.219482 -32.801331 8.750000 58.219482 -32.801331 11.250000 58.219482 -34.301331 11.250000 58.519482 -32.801331 11.250000 58.519482 -34.301331 11.250000 58.519482 -34.301331 10.000000 58.419483 -34.301331 11.250000 58.419483 -34.301331 10.000000 58.419483 -34.301331 8.750000 58.419483 -32.801331 10.000000 58.419483 -34.221329 10.080000 58.419483 -34.221329 9.920000 58.419483 -32.881329 10.080000 58.419483 -34.221329 8.830000 58.519482 -34.221329 8.830000 58.419483 -32.881329 8.830000 58.519482 -32.881329 8.830000 58.519482 -32.881329 9.920000 58.519482 -34.221329 9.920000 58.419483 -32.881329 9.920000 58.419483 -32.801331 8.750000 58.519482 -32.801331 8.750000 58.519482 -34.301331 8.750000 58.219482 -34.301331 8.750000 58.219482 -34.301331 10.000000 58.219482 -35.551331 10.000000 58.219482 -35.551331 12.000000 70.219482 -35.551331 12.000000 70.219482 -35.551331 14.000000 70.219482 -31.551331 12.000000 70.219482 -34.301331 12.750000 70.219482 -34.301331 11.250000 70.219482 -32.801331 11.250000 69.919479 -32.801331 11.250000 70.219482 -32.801331 10.000000 69.919479 -32.801331 10.000000 70.219482 -31.551331 10.000000 70.219482 -30.301331 10.000000 70.219482 -30.301331 8.750000 70.219482 -30.301331 11.250000 70.219482 -32.801331 8.750000 69.919479 -32.801331 8.750000 69.919479 -34.301331 8.750000 69.919479 -34.301331 10.000000 70.019485 -34.301331 8.750000 70.019485 -34.301331 10.000000 70.019485 -34.301331 11.250000 70.019485 -32.801331 10.000000 70.019485 -34.221333 10.080000 70.019485 -34.221333 9.920000 70.019485 -34.221333 11.170000 70.019485 -32.881332 9.920000 69.919479 -32.881332 9.920000 70.019485 -32.881332 8.830000 69.919479 -32.881332 8.830000 69.919479 -34.221333 8.830000 70.019485 -34.221333 8.830000 69.919479 -34.221333 9.920000 70.019485 -32.801331 8.750000 70.019485 -32.881332 11.170000 69.919479 -34.221333 11.170000 69.919479 -32.881332 11.170000 69.919479 -32.881332 10.080000 69.919479 -34.221333 10.080000 70.019485 -32.881332 10.080000 70.019485 -32.801331 11.250000 69.919479 -34.301331 11.250000 70.219482 -34.301331 10.000000 70.219482 -28.801331 11.250000 69.919479 -30.301331 11.250000 69.919479 -28.801331 11.250000 69.919479 -28.801331 10.000000 70.019485 -28.801331 11.250000 70.019485 -28.801331 10.000000 70.019485 -28.801331 8.750000 70.019485 -30.301331 10.000000 70.019485 -28.881330 10.080000 70.019485 -28.881330 9.920000 70.019485 -30.221331 10.080000 70.019485 -28.881330 8.830000 69.919479 -28.881330 8.830000 70.019485 -30.221331 8.830000 69.919479 -30.221331 8.830000 69.919479 -30.221331 9.920000 69.919479 -28.881330 9.920000 70.019485 -30.221331 9.920000 70.019485 -30.301331 8.750000 69.919479 -30.301331 8.750000 69.919479 -28.801331 8.750000 70.219482 -28.801331 8.750000 70.219482 -28.801331 10.000000 70.219482 -27.551331 10.000000 70.219482 -27.551331 12.000000 70.219482 -26.301331 10.000000 70.219482 -26.301331 11.250000 70.219482 -24.801331 11.250000 69.919479 -26.301331 11.250000 69.919479 -24.801331 11.250000 69.919479 -24.801331 10.000000 70.019485 -24.801331 11.250000 70.019485 -24.801331 10.000000 70.019485 -24.801331 8.750000 70.019485 -26.301331 10.000000 70.019485 -24.881330 10.080000 70.019485 -24.881330 9.920000 70.019485 -26.221331 10.080000 70.019485 -24.881330 8.830000 69.919479 -24.881330 8.830000 70.019485 -26.221331 8.830000 69.919479 -26.221331 8.830000 69.919479 -26.221331 9.920000 69.919479 -24.881330 9.920000 70.019485 -26.221331 9.920000 70.019485 -26.301331 8.750000 69.919479 -26.301331 8.750000 69.919479 -24.801331 8.750000 70.219482 -24.801331 10.000000 69.919479 -26.301331 10.000000 70.019485 -26.301331 11.250000 70.019485 -26.221331 11.170000 70.019485 -24.881330 11.170000 69.919479 -24.881330 11.170000 69.919479 -24.881330 10.080000 69.919479 -26.221331 10.080000 69.919479 -26.221331 11.170000 70.219482 -23.551331 12.000000 70.219482 -23.551331 14.000000 70.219482 -24.801331 12.750000 70.219482 -26.301331 12.750000 58.219482 -23.551331 14.000000 58.219482 -23.551331 16.000000 58.219482 -24.801331 14.000000 58.219482 -24.801331 12.750000 58.219482 -24.801331 15.250000 58.219482 -26.301331 15.250000 58.519482 -24.801331 15.250000 58.519482 -26.301331 15.250000 58.519482 -26.301331 14.000000 58.419483 -26.301331 15.250000 58.419483 -26.301331 14.000000 58.419483 -26.301331 12.750000 58.419483 -24.801331 14.000000 58.419483 -26.221331 14.080000 58.419483 -26.221331 13.920000 58.419483 -24.881330 14.080000 58.419483 -26.221331 12.830000 58.519482 -26.221331 12.830000 58.419483 -24.881330 12.830000 58.519482 -24.881330 12.830000 58.519482 -24.881330 13.920000 58.519482 -26.221331 13.920000 58.419483 -24.881330 13.920000 58.419483 -24.801331 12.750000 58.519482 -24.801331 12.750000 58.519482 -26.301331 12.750000 58.219482 -26.301331 12.750000 58.219482 -26.301331 14.000000 58.219482 -27.551331 14.000000 58.219482 -27.551331 16.000000 58.219482 -28.801331 14.000000 58.219482 -28.801331 12.750000 58.219482 -28.801331 15.250000 58.219482 -30.301331 15.250000 58.519482 -28.801331 15.250000 58.519482 -30.301331 15.250000 58.519482 -30.301331 14.000000 58.419483 -30.301331 15.250000 58.419483 -30.301331 14.000000 58.419483 -30.301331 12.750000 58.419483 -28.801331 14.000000 58.419483 -30.221331 14.080000 58.419483 -30.221331 13.920000 58.419483 -28.881330 14.080000 58.419483 -30.221331 12.830000 58.519482 -30.221331 12.830000 58.419483 -28.881330 12.830000 58.519482 -28.881330 12.830000 58.519482 -28.881330 13.920000 58.519482 -30.221331 13.920000 58.419483 -28.881330 13.920000 58.419483 -28.801331 12.750000 58.519482 -28.801331 12.750000 58.519482 -30.301331 12.750000 58.219482 -30.301331 12.750000 58.219482 -30.301331 14.000000 58.219482 -31.551331 14.000000 58.219482 -31.551331 16.000000 58.219482 -32.801331 14.000000 58.219482 -32.801331 12.750000 58.219482 -32.801331 15.250000 58.219482 -34.301331 15.250000 58.519482 -32.801331 15.250000 58.519482 -34.301331 15.250000 58.519482 -34.301331 14.000000 58.419483 -34.301331 15.250000 58.419483 -34.301331 14.000000 58.419483 -34.301331 12.750000 58.419483 -32.801331 14.000000 58.419483 -34.221329 14.080000 58.419483 -34.221329 13.920000 58.419483 -32.881329 14.080000 58.419483 -34.221329 12.830000 58.519482 -34.221329 12.830000 58.419483 -32.881329 12.830000 58.519482 -32.881329 12.830000 58.519482 -32.881329 13.920000 58.519482 -34.221329 13.920000 58.419483 -32.881329 13.920000 58.419483 -32.801331 12.750000 58.519482 -32.801331 12.750000 58.519482 -34.301331 12.750000 58.219482 -34.301331 12.750000 58.219482 -34.301331 14.000000 58.219482 -35.551331 14.000000 58.219482 -35.551331 16.000000 70.219482 -35.551331 16.000000 70.219482 -31.551331 16.000000 70.360901 -35.692753 16.000000 70.219482 -34.301331 15.250000 70.219482 -32.801331 15.250000 58.078060 -35.692753 16.000000 70.419479 -31.551331 16.000000 70.419479 -27.551331 16.000000 70.419479 -31.551331 17.000000 70.360901 -35.692753 17.000000 70.219482 -27.551331 16.000000 70.219482 -23.551331 16.000000 70.219482 -26.301331 15.250000 70.219482 -28.801331 15.250000 70.219482 -27.551331 14.000000 70.219482 -24.801331 15.250000 69.919479 -24.801331 15.250000 70.219482 -24.801331 14.000000 69.919479 -24.801331 14.000000 69.919479 -24.801331 12.750000 70.019485 -24.801331 14.000000 70.019485 -24.801331 12.750000 70.019485 -26.301331 12.750000 70.019485 -24.881330 12.830000 70.019485 -26.221331 12.830000 69.919479 -26.221331 12.830000 70.019485 -26.221331 13.920000 69.919479 -26.221331 13.920000 69.919479 -24.881330 13.920000 70.019485 -24.881330 13.920000 69.919479 -24.881330 12.830000 70.019485 -26.301331 14.000000 69.919479 -26.301331 14.000000 70.019485 -26.301331 15.250000 70.019485 -26.221331 14.080000 70.019485 -26.221331 15.170000 69.919479 -26.301331 12.750000 70.019485 -24.881330 15.170000 69.919479 -26.221331 15.170000 69.919479 -24.881330 15.170000 69.919479 -24.881330 14.080000 69.919479 -26.221331 14.080000 70.019485 -24.881330 14.080000 70.019485 -24.801331 15.250000 69.919479 -26.301331 15.250000 70.219482 -26.301331 14.000000 70.219482 -28.801331 14.000000 70.219482 -28.801331 12.750000 70.219482 -30.301331 12.750000 69.919479 -28.801331 12.750000 69.919479 -30.301331 12.750000 69.919479 -30.301331 14.000000 70.019485 -30.301331 12.750000 70.019485 -30.301331 14.000000 70.019485 -30.301331 15.250000 70.019485 -28.801331 14.000000 70.019485 -30.221331 14.080000 70.019485 -30.221331 13.920000 70.019485 -30.221331 15.170000 70.019485 -28.881330 13.920000 69.919479 -28.881330 13.920000 70.019485 -28.881330 12.830000 69.919479 -28.881330 12.830000 69.919479 -30.221331 12.830000 69.919479 -30.221331 13.920000 70.019485 -30.221331 12.830000 70.019485 -28.801331 12.750000 69.919479 -28.801331 14.000000 69.919479 -28.801331 15.250000 69.919479 -30.301331 15.250000 70.019485 -28.801331 15.250000 70.219482 -30.301331 15.250000 70.219482 -30.301331 14.000000 70.219482 -31.551331 14.000000 70.219482 -32.801331 14.000000 70.219482 -32.801331 12.750000 69.919479 -32.801331 12.750000 69.919479 -34.301331 12.750000 69.919479 -34.301331 14.000000 70.019485 -34.301331 12.750000 70.019485 -34.301331 14.000000 70.019485 -34.301331 15.250000 70.019485 -32.801331 14.000000 70.019485 -34.221333 14.080000 70.019485 -34.221333 13.920000 70.019485 -34.221333 15.170000 70.019485 -32.881332 13.920000 70.019485 -32.881332 12.830000 69.919479 -32.881332 13.920000 69.919479 -32.881332 12.830000 69.919479 -34.221333 12.830000 69.919479 -34.221333 13.920000 70.019485 -34.221333 12.830000 70.019485 -32.801331 12.750000 69.919479 -32.801331 14.000000 69.919479 -32.801331 15.250000 69.919479 -34.301331 15.250000 70.019485 -32.801331 15.250000 70.019485 -32.881332 15.170000 70.019485 -32.881332 14.080000 69.919479 -32.881332 14.080000 69.919479 -34.221333 14.080000 69.919479 -34.221333 15.170000 69.919479 -32.881332 15.170000 70.219482 -34.301331 14.000000 70.019485 -28.881330 15.170000 70.019485 -28.881330 14.080000 69.919479 -28.881330 14.080000 69.919479 -30.221331 14.080000 69.919479 -30.221331 15.170000 69.919479 -28.881330 15.170000 70.360901 -23.409910 16.000000 58.078060 -23.409908 16.000000 70.360901 -23.409910 17.000000 70.419479 -27.551331 17.000000 70.219482 -27.551331 17.000000 70.219482 -31.551331 17.000000 70.219482 -23.551331 17.000000 58.219482 -23.551331 17.000000 69.719482 -24.051331 17.000000 58.078060 -23.409908 17.000000 58.019482 -27.551331 17.000000 58.019482 -27.551331 16.000000 58.019482 -31.551331 16.000000 58.019482 -31.551331 17.000000 58.078060 -35.692753 17.000000 58.219482 -31.551331 17.000000 58.219482 -35.551331 17.000000 58.219482 -27.551331 17.000000 58.719482 -27.551331 17.000000 58.719482 -24.051331 17.000000 58.719482 -24.051331 16.000000 69.719482 -24.051331 16.000000 69.719482 -27.551331 16.000000 58.719482 -27.551331 16.000000 58.719482 -31.551331 16.000000 58.719482 -31.551331 17.000000 58.719482 -35.051331 17.000000 69.719482 -35.051331 17.000000 58.719482 -35.051331 16.000000 70.219482 -35.551331 17.000000 69.719482 -35.051331 16.000000 69.719482 -31.551331 16.000000 69.719482 -31.551331 17.000000 69.719482 -27.551331 17.000000 58.519482 -32.801331 14.000000 58.419483 -32.801331 15.250000 58.419483 -32.881329 15.170000 58.419483 -34.221329 15.170000 58.519482 -34.221329 15.170000 58.519482 -34.221329 14.080000 58.519482 -32.881329 14.080000 58.519482 -32.881329 15.170000 58.519482 -28.801331 14.000000 58.419483 -28.801331 15.250000 58.419483 -28.881330 15.170000 58.419483 -30.221331 15.170000 58.519482 -30.221331 15.170000 58.519482 -30.221331 14.080000 58.519482 -28.881330 14.080000 58.519482 -28.881330 15.170000 58.519482 -24.801331 14.000000 58.419483 -24.801331 15.250000 58.419483 -24.881330 15.170000 58.419483 -26.221331 15.170000 58.519482 -26.221331 15.170000 58.519482 -26.221331 14.080000 58.519482 -24.881330 14.080000 58.519482 -24.881330 15.170000 69.919479 -30.301331 10.000000 70.019485 -30.301331 11.250000 70.019485 -30.221331 11.170000 70.019485 -28.881330 11.170000 69.919479 -28.881330 11.170000 69.919479 -28.881330 10.080000 69.919479 -30.221331 10.080000 69.919479 -30.221331 11.170000 58.519482 -32.801331 10.000000 58.419483 -32.801331 11.250000 58.419483 -32.881329 11.170000 58.419483 -34.221329 11.170000 58.519482 -34.221329 11.170000 58.519482 -34.221329 10.080000 58.519482 -32.881329 10.080000 58.519482 -32.881329 11.170000 58.519482 -28.801331 10.000000 58.419483 -28.801331 11.250000 58.419483 -28.881330 11.170000 58.419483 -30.221331 11.170000 58.519482 -30.221331 11.170000 58.519482 -30.221331 10.080000 58.519482 -28.881330 10.080000 58.519482 -28.881330 11.170000 58.519482 -24.801331 10.000000 58.419483 -24.801331 11.250000 58.419483 -24.881330 11.170000 58.419483 -26.221331 11.170000 58.519482 -26.221331 11.170000 58.519482 -26.221331 10.080000 58.519482 -24.881330 10.080000 58.519482 -24.881330 11.170000 69.919479 -28.801331 4.750000 69.919479 -30.301331 4.750000 69.919479 -30.301331 6.000000 70.019485 -30.301331 4.750000 70.019485 -30.301331 6.000000 70.019485 -30.301331 7.250000 70.019485 -28.801331 6.000000 70.019485 -30.221331 6.079999 70.019485 -30.221331 5.920000 70.019485 -30.221331 7.170000 70.019485 -28.881330 5.920000 69.919479 -28.881330 5.920000 70.019485 -28.881330 4.829999 69.919479 -28.881330 4.829999 69.919479 -30.221331 4.829999 69.919479 -30.221331 5.920000 70.019485 -30.221331 4.829999 70.019485 -28.801331 4.750000 69.919479 -28.801331 6.000000 69.919479 -28.801331 7.250000 69.919479 -30.301331 7.250000 70.019485 -28.801331 7.250000 70.219482 -30.301331 7.250000 70.219482 -30.301331 6.000000 70.019485 -28.881330 7.170000 70.019485 -28.881330 6.079999 69.919479 -28.881330 6.079999 69.919479 -30.221331 6.079999 69.919479 -30.221331 7.170000 69.919479 -28.881330 7.170000 70.219482 -24.801331 2.000000 70.219482 -24.801331 0.750000 69.919479 -24.801331 0.750000 69.919479 -26.301331 0.750000 69.919479 -26.301331 2.000000 70.019485 -26.301331 0.750000 70.019485 -26.301331 2.000000 70.019485 -26.301331 3.250000 70.019485 -24.801331 2.000000 70.019485 -26.221331 2.080000 70.019485 -26.221331 1.920000 70.019485 -24.881330 1.920000 69.919479 -24.881330 1.920000 70.019485 -24.881330 0.830000 69.919479 -24.881330 0.830000 69.919479 -26.221331 0.830000 70.019485 -26.221331 0.830000 69.919479 -26.221331 1.920000 70.019485 -24.801331 0.750000 69.919479 -24.801331 2.000000 69.919479 -24.801331 3.250000 69.919479 -26.301331 3.250000 70.019485 -24.801331 3.250000 70.219482 -26.301331 3.250000 70.219482 -26.301331 2.000000 70.019485 -24.881330 3.170000 70.019485 -24.881330 2.080000 69.919479 -24.881330 2.080000 69.919479 -26.221331 2.080000 69.919479 -26.221331 3.170000 69.919479 -24.881330 3.170000 70.019485 -26.221331 3.170000 58.219482 -24.801331 3.250000 58.219482 -26.301331 3.250000 58.519482 -26.301331 3.250000 58.219482 -26.301331 2.000000 58.519482 -26.301331 2.000000 58.219482 -27.551331 2.000000 61.219482 -27.551331 2.000000 58.219482 -26.301331 0.750000 61.219482 -27.551331 4.000000 61.219482 -31.551331 4.000000 61.219482 -31.551331 2.000000 61.219482 -31.551331 0.000000 58.219482 -31.551331 2.000000 61.219482 -27.551331 0.000000 58.219482 -31.551331 0.000000 58.219482 -35.551331 0.000000 58.219482 -32.801331 0.750000 70.219482 -35.551331 0.000000 70.219482 -35.551331 2.000000 70.219482 -34.301331 0.750000 70.219482 -32.801331 0.750000 70.219482 -34.301331 2.000000 69.919479 -34.301331 0.750000 69.919479 -34.301331 2.000000 69.919479 -34.301331 3.250000 70.019485 -34.301331 2.000000 70.019485 -34.301331 3.250000 70.019485 -32.801331 3.250000 70.019485 -34.221333 3.170000 70.019485 -32.881332 3.170000 70.019485 -34.221333 2.080000 70.019485 -32.881332 2.080000 69.919479 -34.221333 2.080000 70.019485 -32.801331 2.000000 69.919479 -34.221333 3.170000 69.919479 -32.881332 3.170000 69.919479 -32.881332 2.080000 70.019485 -32.801331 0.750000 70.019485 -32.881332 1.920000 69.919479 -32.801331 2.000000 70.019485 -32.881332 0.830000 69.919479 -32.801331 3.250000 70.219482 -34.301331 3.250000 69.919479 -32.881332 0.830000 70.019485 -34.221333 0.830000 69.919479 -34.221333 0.830000 69.919479 -34.221333 1.920000 69.919479 -32.881332 1.920000 70.019485 -34.221333 1.920000 70.019485 -34.301331 0.750000 69.919479 -32.801331 0.750000 70.219482 -32.801331 2.000000 58.219482 -35.551331 2.000000 58.219482 -34.301331 2.000000 58.219482 -34.301331 3.250000 58.219482 -34.301331 0.750000 58.519482 -34.301331 0.750000 58.519482 -32.801331 0.750000 58.519482 -32.801331 2.000000 58.419483 -32.801331 0.750000 58.419483 -32.801331 2.000000 58.419483 -32.801331 3.250000 58.419483 -34.301331 2.000000 58.419483 -32.881329 2.080000 58.419483 -32.881329 1.920000 58.419483 -34.221329 1.920000 58.419483 -34.221329 0.830000 58.519482 -34.221329 1.920000 58.519482 -34.221329 0.830000 58.519482 -32.881329 0.830000 58.519482 -32.881329 1.920000 58.419483 -32.881329 0.830000 58.419483 -34.301331 0.750000 58.519482 -34.301331 2.000000 58.519482 -34.301331 3.250000 58.519482 -32.801331 3.250000 58.419483 -34.301331 3.250000 58.219482 -32.801331 3.250000 58.219482 -32.801331 2.000000 58.419483 -34.221329 3.170000 58.419483 -34.221329 2.080000 58.519482 -34.221329 2.080000 58.519482 -32.881329 2.080000 58.519482 -32.881329 3.170000 58.519482 -34.221329 3.170000 58.419483 -32.881329 3.170000 58.519482 -26.301331 0.750000 58.519482 -24.801331 0.750000 58.519482 -24.801331 2.000000 58.419483 -24.801331 0.750000 58.419483 -24.801331 2.000000 58.419483 -24.801331 3.250000 58.419483 -26.301331 2.000000 58.419483 -24.881330 2.080000 58.419483 -24.881330 1.920000 58.419483 -24.881330 3.170000 58.419483 -26.221331 1.920000 58.519482 -26.221331 1.920000 58.419483 -26.221331 0.830000 58.519482 -26.221331 0.830000 58.419483 -26.301331 0.750000 58.419483 -24.881330 0.830000 58.519482 -24.881330 0.830000 58.519482 -24.881330 1.920000 58.519482 -24.881330 3.170000 58.419483 -26.221331 3.170000 58.519482 -26.221331 3.170000 58.519482 -26.221331 2.080000 58.519482 -24.881330 2.080000 58.419483 -26.221331 2.080000 58.419483 -26.301331 3.250000 58.519482 -24.801331 3.250000 58.219482 -24.801331 2.000000 58.419483 -26.221331 7.170000 58.419483 -26.221331 6.080000 58.519482 -26.221331 6.080000 58.519482 -24.881330 6.080000 58.519482 -24.881330 7.170000 58.519482 -26.221331 7.170000 58.419483 -30.221331 7.170000 58.419483 -30.221331 6.079999 58.519482 -30.221331 6.079999 58.519482 -28.881330 6.079999 58.519482 -28.881330 7.170000 58.519482 -30.221331 7.170000 58.419483 -34.221329 7.170000 58.419483 -34.221329 6.079999 58.519482 -34.221329 6.079999 58.519482 -32.881329 6.079999 58.519482 -32.881329 7.170000 58.519482 -34.221329 7.170000 70.219482 -32.801331 6.000000 69.919479 -32.801331 4.750000 70.019485 -34.301331 4.750000 70.019485 -34.221333 4.829999 70.019485 -34.221333 5.920000 69.919479 -34.221333 5.920000 69.919479 -32.881332 5.920000 69.919479 -32.881332 4.829999 69.919479 -34.221333 4.829999 70.219482 -28.801331 2.000000 69.919479 -28.801331 0.750000 70.019485 -30.301331 0.750000 70.019485 -30.221331 0.830000 70.019485 -30.221331 1.920000 69.919479 -30.221331 1.920000 69.919479 -28.881330 1.920000 69.919479 -28.881330 0.830000 69.919479 -30.221331 0.830000 "
							            />
							<TextureCoordinate point="0.0858 0.8819 0.0858 0.8819 0.0858 0.8819 0.1174 0.0386 0.1174 0.0386 0.1174 0.0386 0.1174 0.0386 0.1174 0.0386 0.1174 0.0386 0.0858 0.8819 0.0858 0.8819 0.0858 0.8819 0.0858 0.8819 0.0858 0.8819 0.0858 0.8819 0.0858 0.8819 0.0858 0.8819 0.0858 0.8819 0.0858 0.8819 0.0858 0.8819 0.0858 0.8819 0.1174 0.0386 0.1174 0.0386 0.1174 0.0386 0.0858 0.8819 0.0858 0.8819 0.0858 0.8819 0.0858 0.8819 0.0858 0.8819 0.0858 0.8819 0.0858 0.8819 0.0858 0.8819 0.0858 0.8819 0.0858 0.8819 0.0858 0.8819 0.0858 0.8819 0.0858 0.8819 0.0858 0.8819 0.0858 0.8819 0.0858 0.8819 0.0858 0.8819 0.0858 0.8819 0.0858 0.8819 0.0858 0.8819 0.0858 0.8819 0.0858 0.8819 0.0858 0.8819 0.0858 0.8819 0.0858 0.8819 0.0858 0.8819 0.0858 0.8819 0.0858 0.8819 0.0858 0.8819 0.0858 0.8819 0.0858 0.8819 0.0858 0.8819 0.0858 0.8819 0.0858 0.8819 0.0858 0.8819 0.0858 0.8819 0.0858 0.8819 0.0858 0.8819 0.0858 0.8819 0.1185 0.0692 0.1185 0.0692 0.1185 0.0692 0.1185 0.0692 0.1185 0.0692 0.1185 0.0692 0.1185 0.0692 0.1185 0.0692 0.1185 0.0692 0.1185 0.0692 0.1185 0.0692 0.1185 0.0692 0.1185 0.0692 0.1185 0.0692 0.1185 0.0692 0.1185 0.0692 0.1185 0.0692 0.1185 0.0692 0.1185 0.0692 0.1185 0.0692 0.1185 0.0692 0.1185 0.0692 0.1185 0.0692 0.1185 0.0692 0.1185 0.0692 0.1185 0.0692 0.1185 0.0692 0.2108 0.1162 0.2108 0.1162 0.2108 0.1162 0.1185 0.0692 0.1185 0.0692 0.1185 0.0692 0.1185 0.0692 0.1185 0.0692 0.1185 0.0692 0.2108 0.1162 0.2108 0.1162 0.2108 0.1162 0.1185 0.0692 0.1185 0.0692 0.1185 0.0692 0.1185 0.0692 0.1185 0.0692 0.1185 0.0692 0.1185 0.0692 0.1185 0.0692 0.1185 0.0692 0.0858 0.8819 0.0858 0.8819 0.0858 0.8819 0.1185 0.0692 0.1185 0.0692 0.1185 0.0692 0.0858 0.8819 0.0858 0.8819 0.0858 0.8819 0.1185 0.0692 0.1185 0.0692 0.1185 0.0692 0.1185 0.0692 0.1185 0.0692 0.1185 0.0692 0.1185 0.0692 0.1185 0.0692 0.1185 0.0692 0.0858 0.8819 0.0858 0.8819 0.0858 0.8819 0.0858 0.8819 0.0858 0.8819 0.0858 0.8819 0.0858 0.8819 0.0858 0.8819 0.0858 0.8819 0.0858 0.8819 0.0858 0.8819 0.0858 0.8819 0.0858 0.8819 0.0858 0.8819 0.0858 0.8819 0.0858 0.8819 0.0858 0.8819 0.0858 0.8819 0.0858 0.8819 0.0858 0.8819 0.0858 0.8819 0.0858 0.8819 0.0858 0.8819 0.0858 0.8819 0.0858 0.8819 0.0858 0.8819 0.0858 0.8819 0.0858 0.8819 0.0858 0.8819 0.0858 0.8819 0.0858 0.8819 0.0858 0.8819 0.0858 0.8819 0.0858 0.8819 0.0858 0.8819 0.0858 0.8819 0.0858 0.8819 0.0858 0.8819 0.0858 0.8819 0.0858 0.8819 0.0858 0.8819 0.0858 0.8819 0.0858 0.8819 0.0858 0.8819 0.0858 0.8819 0.0858 0.8819 0.0858 0.8819 0.0858 0.8819 0.0858 0.8819 0.0858 0.8819 0.0858 0.8819 0.0858 0.8819 0.0858 0.8819 0.0858 0.8819 0.0858 0.8819 0.0858 0.8819 0.0858 0.8819 0.0858 0.8819 0.0858 0.8819 0.0858 0.8819 0.0858 0.8819 0.0858 0.8819 0.0858 0.8819 0.0858 0.8819 0.0858 0.8819 0.0858 0.8819 0.0858 0.8819 0.0858 0.8819 0.0858 0.8819 0.0858 0.8819 0.0858 0.8819 0.0858 0.8819 0.0858 0.8819 0.0858 0.8819 0.0858 0.8819 0.0858 0.8819 0.0858 0.8819 0.0858 0.8819 0.0858 0.8819 0.0858 0.8819 0.0858 0.8819 0.1185 0.0692 0.1185 0.0692 0.1185 0.0692 0.1185 0.0692 0.1185 0.0692 0.1185 0.0692 0.1185 0.0692 0.1185 0.0692 0.1185 0.0692 0.1185 0.0692 0.1185 0.0692 0.1185 0.0692 0.1185 0.0692 0.1185 0.0692 0.1185 0.0692 0.1185 0.0692 0.1185 0.0692 0.1185 0.0692 0.1185 0.0692 0.1185 0.0692 0.1185 0.0692 0.2108 0.1162 0.2108 0.1162 0.2108 0.1162 0.1185 0.0692 0.1185 0.0692 0.1185 0.0692 0.2108 0.1162 0.2108 0.1162 0.2108 0.1162 0.1185 0.0692 0.1185 0.0692 0.1185 0.0692 0.1185 0.0692 0.1185 0.0692 0.1185 0.0692 0.1185 0.0692 0.1185 0.0692 0.1185 0.0692 0.1185 0.0692 0.1185 0.0692 0.1185 0.0692 0.1185 0.0692 0.1185 0.0692 0.1185 0.0692 0.1185 0.0692 0.1185 0.0692 0.1185 0.0692 0.0858 0.8819 0.0858 0.8819 0.0858 0.8819 0.1185 0.0692 0.1185 0.0692 0.1185 0.0692 0.0858 0.8819 0.0858 0.8819 0.0858 0.8819 0.1185 0.0692 0.1185 0.0692 0.1185 0.0692 0.1185 0.0692 0.1185 0.0692 0.1185 0.0692 0.1185 0.0692 0.1185 0.0692 0.1185 0.0692 0.0858 0.8819 0.0858 0.8819 0.0858 0.8819 0.0858 0.8819 0.0858 0.8819 0.0858 0.8819 0.0858 0.8819 0.0858 0.8819 0.0858 0.8819 0.0858 0.8819 0.0858 0.8819 0.0858 0.8819 0.0858 0.8819 0.0858 0.8819 0.0858 0.8819 0.0858 0.8819 0.0858 0.8819 0.0858 0.8819 0.0858 0.8819 0.0858 0.8819 0.0858 0.8819 0.0858 0.8819 0.0858 0.8819 0.0858 0.8819 0.0858 0.8819 0.0858 0.8819 0.0858 0.8819 0.0858 0.8819 0.0858 0.8819 0.0858 0.8819 0.0858 0.8819 0.0858 0.8819 0.0858 0.8819 0.0858 0.8819 0.0858 0.8819 0.0858 0.8819 0.0858 0.8819 0.0858 0.8819 0.0858 0.8819 0.0858 0.8819 0.0858 0.8819 0.0858 0.8819 0.0858 0.8819 0.0858 0.8819 0.0858 0.8819 0.0858 0.8819 0.0858 0.8819 0.0858 0.8819 0.0858 0.8819 0.0858 0.8819 0.0858 0.8819 0.0858 0.8819 0.0858 0.8819 0.0858 0.8819 0.0858 0.8819 0.0858 0.8819 0.0858 0.8819 0.0858 0.8819 0.0858 0.8819 0.0858 0.8819 0.0858 0.8819 0.0858 0.8819 0.0858 0.8819 0.0858 0.8819 0.0858 0.8819 0.0858 0.8819 0.0858 0.8819 0.0858 0.8819 0.0858 0.8819 0.0858 0.8819 0.0858 0.8819 0.0858 0.8819 0.0858 0.8819 0.0858 0.8819 0.0858 0.8819 0.0858 0.8819 0.0858 0.8819 0.0858 0.8819 0.0858 0.8819 0.0858 0.8819 0.0858 0.8819 0.0858 0.8819 0.0858 0.8819 0.0858 0.8819 0.0858 0.8819 0.0858 0.8819 0.0858 0.8819 0.1185 0.0692 0.1185 0.0692 0.1185 0.0692 0.1185 0.0692 0.1185 0.0692 0.1185 0.0692 0.1185 0.0692 0.1185 0.0692 0.1185 0.0692 0.1185 0.0692 0.1185 0.0692 0.1185 0.0692 0.1185 0.0692 0.1185 0.0692 0.1185 0.0692 0.1185 0.0692 0.1185 0.0692 0.1185 0.0692 0.1185 0.0692 0.1185 0.0692 0.1185 0.0692 0.1185 0.0692 0.1185 0.0692 0.1185 0.0692 0.1185 0.0692 0.1185 0.0692 0.1185 0.0692 0.1185 0.0692 0.1185 0.0692 0.1185 0.0692 0.1185 0.0692 0.1185 0.0692 0.1185 0.0692 0.2108 0.1162 0.2108 0.1162 0.2108 0.1162 0.1185 0.0692 0.1185 0.0692 0.1185 0.0692 0.1185 0.0692 0.1185 0.0692 0.1185 0.0692 0.2108 0.1162 0.2108 0.1162 0.2108 0.1162 0.1185 0.0692 0.1185 0.0692 0.1185 0.0692 0.1185 0.0692 0.1185 0.0692 0.1185 0.0692 0.1185 0.0692 0.1185 0.0692 0.1185 0.0692 0.1185 0.0692 0.1185 0.0692 0.1185 0.0692 0.1185 0.0692 0.1185 0.0692 0.1185 0.0692 0.0858 0.8819 0.0858 0.8819 0.0858 0.8819 0.0858 0.8819 0.0858 0.8819 0.0858 0.8819 0.0858 0.8819 0.0858 0.8819 0.0858 0.8819 0.1185 0.0692 0.1185 0.0692 0.1185 0.0692 0.0858 0.8819 0.0858 0.8819 0.0858 0.8819 0.0858 0.8819 0.0858 0.8819 0.0858 0.8819 0.0858 0.8819 0.0858 0.8819 0.0858 0.8819 0.0858 0.8819 0.0858 0.8819 0.0858 0.8819 0.0858 0.8819 0.0858 0.8819 0.0858 0.8819 0.0858 0.8819 0.0858 0.8819 0.0858 0.8819 0.0858 0.8819 0.0858 0.8819 0.0858 0.8819 0.0858 0.8819 0.0858 0.8819 0.0858 0.8819 0.0858 0.8819 0.0858 0.8819 0.0858 0.8819 0.0858 0.8819 0.0858 0.8819 0.0858 0.8819 0.0858 0.8819 0.0858 0.8819 0.0858 0.8819 0.0858 0.8819 0.0858 0.8819 0.0858 0.8819 0.0858 0.8819 0.0858 0.8819 0.0858 0.8819 0.0858 0.8819 0.0858 0.8819 0.0858 0.8819 0.0858 0.8819 0.0858 0.8819 0.0858 0.8819 0.0858 0.8819 0.0858 0.8819 0.0858 0.8819 0.0858 0.8819 0.0858 0.8819 0.0858 0.8819 0.0858 0.8819 0.0858 0.8819 0.0858 0.8819 0.0858 0.8819 0.0858 0.8819 0.0858 0.8819 0.0858 0.8819 0.0858 0.8819 0.0858 0.8819 0.0858 0.8819 0.0858 0.8819 0.0858 0.8819 0.0858 0.8819 0.0858 0.8819 0.0858 0.8819 0.0858 0.8819 0.0858 0.8819 0.0858 0.8819 0.0858 0.8819 0.0858 0.8819 0.0858 0.8819 0.0858 0.8819 0.0858 0.8819 0.0858 0.8819 0.0858 0.8819 0.0858 0.8819 0.0858 0.8819 0.0858 0.8819 0.0858 0.8819 0.0858 0.8819 0.1185 0.0692 0.1185 0.0692 0.1185 0.0692 0.1185 0.0692 0.1185 0.0692 0.1185 0.0692 0.1185 0.0692 0.1185 0.0692 0.1185 0.0692 0.1185 0.0692 0.1185 0.0692 0.1185 0.0692 0.1185 0.0692 0.1185 0.0692 0.1185 0.0692 0.1185 0.0692 0.1185 0.0692 0.1185 0.0692 0.1185 0.0692 0.1185 0.0692 0.1185 0.0692 0.1185 0.0692 0.1185 0.0692 0.1185 0.0692 0.1185 0.0692 0.1185 0.0692 0.1185 0.0692 0.1185 0.0692 0.1185 0.0692 0.1185 0.0692 0.2108 0.1162 0.2108 0.1162 0.2108 0.1162 0.1185 0.0692 0.1185 0.0692 0.1185 0.0692 0.2108 0.1162 0.2108 0.1162 0.2108 0.1162 0.1185 0.0692 0.1185 0.0692 0.1185 0.0692 0.1185 0.0692 0.1185 0.0692 0.1185 0.0692 0.1185 0.0692 0.1185 0.0692 0.1185 0.0692 0.1185 0.0692 0.1185 0.0692 0.1185 0.0692 0.1185 0.0692 0.1185 0.0692 0.1185 0.0692 0.1185 0.0692 0.1185 0.0692 0.1185 0.0692 0.0858 0.8819 0.0858 0.8819 0.0858 0.8819 0.0858 0.8819 0.0858 0.8819 0.0858 0.8819 0.0858 0.8819 0.0858 0.8819 0.0858 0.8819 0.1185 0.0692 0.1185 0.0692 0.1185 0.0692 0.0858 0.8819 0.0858 0.8819 0.0858 0.8819 0.0858 0.8819 0.0858 0.8819 0.0858 0.8819 0.0858 0.8819 0.0858 0.8819 0.0858 0.8819 0.0858 0.8819 0.0858 0.8819 0.0858 0.8819 0.0858 0.8819 0.0858 0.8819 0.0858 0.8819 0.0858 0.8819 0.0858 0.8819 0.0858 0.8819 0.0858 0.8819 0.0858 0.8819 0.0858 0.8819 0.0858 0.8819 0.0858 0.8819 0.0858 0.8819 0.0858 0.8819 0.0858 0.8819 0.0858 0.8819 0.0858 0.8819 0.0858 0.8819 0.0858 0.8819 0.0858 0.8819 0.0858 0.8819 0.0858 0.8819 0.0858 0.8819 0.0858 0.8819 0.0858 0.8819 0.0858 0.8819 0.0858 0.8819 0.0858 0.8819 0.0858 0.8819 0.0858 0.8819 0.0858 0.8819 0.0858 0.8819 0.0858 0.8819 0.0858 0.8819 0.0858 0.8819 0.0858 0.8819 0.0858 0.8819 0.0858 0.8819 0.0858 0.8819 0.0858 0.8819 0.0858 0.8819 0.0858 0.8819 0.0858 0.8819 0.0858 0.8819 0.0858 0.8819 0.0858 0.8819 0.0858 0.8819 0.0858 0.8819 0.0858 0.8819 0.0858 0.8819 0.0858 0.8819 0.0858 0.8819 0.0858 0.8819 0.0858 0.8819 0.0858 0.8819 0.0858 0.8819 0.0858 0.8819 0.0858 0.8819 0.0858 0.8819 0.0858 0.8819 0.0858 0.8819 0.0858 0.8819 0.0858 0.8819 0.0858 0.8819 0.0858 0.8819 0.0858 0.8819 0.0858 0.8819 0.0858 0.8819 0.0858 0.8819 0.0858 0.8819 0.1185 0.0692 0.1185 0.0692 0.1185 0.0692 0.1185 0.0692 0.1185 0.0692 0.1185 0.0692 0.1185 0.0692 0.1185 0.0692 0.1185 0.0692 0.1185 0.0692 0.1185 0.0692 0.1185 0.0692 0.1185 0.0692 0.1185 0.0692 0.1185 0.0692 0.1185 0.0692 0.1185 0.0692 0.1185 0.0692 0.1185 0.0692 0.1185 0.0692 0.1185 0.0692 0.1185 0.0692 0.1185 0.0692 0.1185 0.0692 0.1185 0.0692 0.1185 0.0692 0.1185 0.0692 0.1185 0.0692 0.1185 0.0692 0.1185 0.0692 0.1185 0.0692 0.1185 0.0692 0.1185 0.0692 0.2108 0.1162 0.2108 0.1162 0.2108 0.1162 0.1185 0.0692 0.1185 0.0692 0.1185 0.0692 0.1185 0.0692 0.1185 0.0692 0.1185 0.0692 0.2108 0.1162 0.2108 0.1162 0.2108 0.1162 0.1185 0.0692 0.1185 0.0692 0.1185 0.0692 0.1185 0.0692 0.1185 0.0692 0.1185 0.0692 0.1185 0.0692 0.1185 0.0692 0.1185 0.0692 0.1185 0.0692 0.1185 0.0692 0.1185 0.0692 0.1185 0.0692 0.1185 0.0692 0.1185 0.0692 0.0858 0.8819 0.0858 0.8819 0.0858 0.8819 0.1185 0.0692 0.1185 0.0692 0.1185 0.0692 0.0858 0.8819 0.0858 0.8819 0.0858 0.8819 0.0858 0.8819 0.0858 0.8819 0.0858 0.8819 0.0858 0.8819 0.0858 0.8819 0.0858 0.8819 0.0858 0.8819 0.0858 0.8819 0.0858 0.8819 0.0858 0.8819 0.0858 0.8819 0.0858 0.8819 0.0858 0.8819 0.0858 0.8819 0.0858 0.8819 0.0858 0.8819 0.0858 0.8819 0.0858 0.8819 0.0858 0.8819 0.0858 0.8819 0.0858 0.8819 0.0858 0.8819 0.0858 0.8819 0.0858 0.8819 0.0858 0.8819 0.0858 0.8819 0.0858 0.8819 0.0858 0.8819 0.0858 0.8819 0.0858 0.8819 0.0858 0.8819 0.0858 0.8819 0.0858 0.8819 0.0858 0.8819 0.0858 0.8819 0.0858 0.8819 0.0858 0.8819 0.0858 0.8819 0.0858 0.8819 0.0858 0.8819 0.0858 0.8819 0.0858 0.8819 0.0858 0.8819 0.0858 0.8819 0.0858 0.8819 0.0858 0.8819 0.0858 0.8819 0.0858 0.8819 0.0858 0.8819 0.0858 0.8819 0.0858 0.8819 0.0858 0.8819 0.0858 0.8819 0.0858 0.8819 0.0858 0.8819 0.0858 0.8819 0.0858 0.8819 0.0858 0.8819 0.0858 0.8819 0.0858 0.8819 0.0858 0.8819 0.0858 0.8819 0.0858 0.8819 0.0858 0.8819 0.0858 0.8819 0.0858 0.8819 0.0858 0.8819 0.0858 0.8819 0.0858 0.8819 0.0858 0.8819 0.0858 0.8819 0.0858 0.8819 0.0858 0.8819 0.0858 0.8819 0.0858 0.8819 0.0858 0.8819 0.0858 0.8819 0.0858 0.8819 0.0858 0.8819 0.0858 0.8819 0.0858 0.8819 0.0858 0.8819 0.0858 0.8819 0.0858 0.8819 0.0858 0.8819 0.0858 0.8819 0.0858 0.8819 0.0858 0.8819 0.0858 0.8819 0.0858 0.8819 0.0858 0.8819 0.0858 0.8819 0.0858 0.8819 0.0858 0.8819 0.0858 0.8819 0.0858 0.8819 0.0858 0.8819 0.0858 0.8819 0.0858 0.8819 0.0858 0.8819 0.0858 0.8819 0.0858 0.8819 0.0858 0.8819 0.0858 0.8819 0.0858 0.8819 0.0858 0.8819 0.0858 0.8819 0.0858 0.8819 0.0858 0.8819 0.0858 0.8819 0.0858 0.8819 0.0858 0.8819 0.0858 0.8819 0.0858 0.8819 0.0858 0.8819 0.0858 0.8819 0.0858 0.8819 0.0858 0.8819 0.0858 0.8819 0.0858 0.8819 0.0858 0.8819 0.0858 0.8819 0.0858 0.8819 0.0858 0.8819 0.0858 0.8819 0.0858 0.8819 0.0858 0.8819 0.0858 0.8819 0.0858 0.8819 0.0858 0.8819 0.0858 0.8819 0.0858 0.8819 0.0858 0.8819 0.0858 0.8819 0.0858 0.8819 0.1185 0.0692 0.1185 0.0692 0.1185 0.0692 0.1185 0.0692 0.1185 0.0692 0.1185 0.0692 0.1185 0.0692 0.1185 0.0692 0.1185 0.0692 0.1185 0.0692 0.1185 0.0692 0.1185 0.0692 0.1185 0.0692 0.1185 0.0692 0.1185 0.0692 0.1185 0.0692 0.1185 0.0692 0.1185 0.0692 0.1185 0.0692 0.1185 0.0692 0.1185 0.0692 0.1185 0.0692 0.1185 0.0692 0.1185 0.0692 0.1185 0.0692 0.1185 0.0692 0.1185 0.0692 0.1185 0.0692 0.1185 0.0692 0.1185 0.0692 0.1185 0.0692 0.1185 0.0692 0.1185 0.0692 0.2108 0.1162 0.2108 0.1162 0.2108 0.1162 0.2108 0.1162 0.2108 0.1162 0.2108 0.1162 0.1185 0.0692 0.1185 0.0692 0.1185 0.0692 0.1185 0.0692 0.1185 0.0692 0.1185 0.0692 0.1185 0.0692 0.1185 0.0692 0.1185 0.0692 0.1185 0.0692 0.1185 0.0692 0.1185 0.0692 0.1185 0.0692 0.1185 0.0692 0.1185 0.0692 0.1185 0.0692 0.1185 0.0692 0.1185 0.0692 0.1185 0.0692 0.1185 0.0692 0.1185 0.0692 0.0858 0.8819 0.0858 0.8819 0.0858 0.8819 0.0858 0.8819 0.0858 0.8819 0.0858 0.8819 0.0858 0.8819 0.0858 0.8819 0.0858 0.8819 0.1185 0.0692 0.1185 0.0692 0.1185 0.0692 0.0858 0.8819 0.0858 0.8819 0.0858 0.8819 0.0858 0.8819 0.0858 0.8819 0.0858 0.8819 0.0858 0.8819 0.0858 0.8819 0.0858 0.8819 0.0858 0.8819 0.0858 0.8819 0.0858 0.8819 0.0858 0.8819 0.0858 0.8819 0.0858 0.8819 0.0858 0.8819 0.0858 0.8819 0.0858 0.8819 0.0858 0.8819 0.0858 0.8819 0.0858 0.8819 0.1185 0.0692 0.1185 0.0692 0.1185 0.0692 0.1185 0.0692 0.1185 0.0692 0.1185 0.0692 0.1185 0.0692 0.1185 0.0692 0.1185 0.0692 0.1185 0.0692 0.1185 0.0692 0.1185 0.0692 0.2108 0.1162 0.2108 0.1162 0.2108 0.1162 0.1185 0.0692 0.1185 0.0692 0.1185 0.0692 0.1185 0.0692 0.1185 0.0692 0.1185 0.0692 0.2108 0.1162 0.2108 0.1162 0.2108 0.1162 0.1185 0.0692 0.1185 0.0692 0.1185 0.0692 0.1185 0.0692 0.1185 0.0692 0.1185 0.0692 0.1185 0.0692 0.1185 0.0692 0.1185 0.0692 0.1185 0.0692 0.1185 0.0692 0.1185 0.0692 0.1185 0.0692 0.1185 0.0692 0.1185 0.0692 0.0858 0.8819 0.0858 0.8819 0.0858 0.8819 0.0858 0.8819 0.0858 0.8819 0.0858 0.8819 0.0858 0.8819 0.0858 0.8819 0.0858 0.8819 0.1185 0.0692 0.1185 0.0692 0.1185 0.0692 0.1185 0.0692 0.1185 0.0692 0.1185 0.0692 0.0858 0.8819 0.0858 0.8819 0.0858 0.8819 0.0858 0.8819 0.0858 0.8819 0.0858 0.8819 0.0858 0.8819 0.0858 0.8819 0.0858 0.8819 0.0858 0.8819 0.0858 0.8819 0.0858 0.8819 0.0858 0.8819 0.0858 0.8819 0.0858 0.8819 0.0858 0.8819 0.0858 0.8819 0.0858 0.8819 0.0858 0.8819 0.0858 0.8819 0.0858 0.8819 0.0858 0.8819 0.0858 0.8819 0.0858 0.8819 0.0858 0.8819 0.0858 0.8819 0.0858 0.8819 0.0858 0.8819 0.0858 0.8819 0.0858 0.8819 0.0858 0.8819 0.0858 0.8819 0.0858 0.8819 0.0858 0.8819 0.0858 0.8819 0.0858 0.8819 0.0858 0.8819 0.0858 0.8819 0.0858 0.8819 0.0858 0.8819 0.0858 0.8819 0.0858 0.8819 0.0858 0.8819 0.0858 0.8819 0.0858 0.8819 0.0858 0.8819 0.0858 0.8819 0.0858 0.8819 0.0858 0.8819 0.0858 0.8819 0.0858 0.8819 0.0858 0.8819 0.0858 0.8819 0.0858 0.8819 0.0858 0.8819 0.0858 0.8819 0.0858 0.8819 0.0858 0.8819 0.0858 0.8819 0.0858 0.8819 0.0858 0.8819 0.0858 0.8819 0.0858 0.8819 0.0858 0.8819 0.0858 0.8819 0.0858 0.8819 0.0858 0.8819 0.0858 0.8819 0.0858 0.8819 0.0858 0.8819 0.0858 0.8819 0.0858 0.8819 0.1185 0.0692 0.1185 0.0692 0.1185 0.0692 0.1185 0.0692 0.1185 0.0692 0.1185 0.0692 0.1185 0.0692 0.1185 0.0692 0.1185 0.0692 0.1185 0.0692 0.1185 0.0692 0.1185 0.0692 0.1185 0.0692 0.1185 0.0692 0.1185 0.0692 0.1185 0.0692 0.1185 0.0692 0.1185 0.0692 0.1185 0.0692 0.1185 0.0692 0.1185 0.0692 0.1185 0.0692 0.1185 0.0692 0.1185 0.0692 0.1185 0.0692 0.1185 0.0692 0.1185 0.0692 0.1185 0.0692 0.1185 0.0692 0.1185 0.0692 0.1185 0.0692 0.1185 0.0692 0.1185 0.0692 0.2108 0.1162 0.2108 0.1162 0.2108 0.1162 0.2108 0.1162 0.2108 0.1162 0.2108 0.1162 0.1185 0.0692 0.1185 0.0692 0.1185 0.0692 0.1185 0.0692 0.1185 0.0692 0.1185 0.0692 0.1185 0.0692 0.1185 0.0692 0.1185 0.0692 0.1185 0.0692 0.1185 0.0692 0.1185 0.0692 0.1185 0.0692 0.1185 0.0692 0.1185 0.0692 0.1185 0.0692 0.1185 0.0692 0.1185 0.0692 0.1185 0.0692 0.1185 0.0692 0.1185 0.0692 0.0858 0.8819 0.0858 0.8819 0.0858 0.8819 0.1185 0.0692 0.1185 0.0692 0.1185 0.0692 0.0858 0.8819 0.0858 0.8819 0.0858 0.8819 0.0858 0.8819 0.0858 0.8819 0.0858 0.8819 0.0858 0.8819 0.0858 0.8819 0.0858 0.8819 0.0858 0.8819 0.0858 0.8819 0.0858 0.8819 0.0858 0.8819 0.0858 0.8819 0.0858 0.8819 0.0858 0.8819 0.0858 0.8819 0.0858 0.8819 0.0858 0.8819 0.0858 0.8819 0.0858 0.8819 0.0858 0.8819 0.0858 0.8819 0.0858 0.8819 0.0858 0.8819 0.0858 0.8819 0.0858 0.8819 0.0858 0.8819 0.0858 0.8819 0.0858 0.8819 0.0858 0.8819 0.0858 0.8819 0.0858 0.8819 0.0858 0.8819 0.0858 0.8819 0.0858 0.8819 0.0858 0.8819 0.0858 0.8819 0.0858 0.8819 0.0858 0.8819 0.0858 0.8819 0.0858 0.8819 0.0858 0.8819 0.0858 0.8819 0.0858 0.8819 0.0858 0.8819 0.0858 0.8819 0.0858 0.8819 0.0858 0.8819 0.0858 0.8819 0.0858 0.8819 0.0858 0.8819 0.0858 0.8819 0.0858 0.8819 0.0858 0.8819 0.0858 0.8819 0.0858 0.8819 0.0858 0.8819 0.0858 0.8819 0.0858 0.8819 0.0858 0.8819 0.0858 0.8819 0.0858 0.8819 0.0858 0.8819 0.0858 0.8819 0.0858 0.8819 0.0858 0.8819 0.0858 0.8819 0.0858 0.8819 0.0858 0.8819 0.0858 0.8819 0.0858 0.8819 0.1185 0.0692 0.1185 0.0692 0.1185 0.0692 0.1185 0.0692 0.1185 0.0692 0.1185 0.0692 0.1185 0.0692 0.1185 0.0692 0.1185 0.0692 0.1185 0.0692 0.1185 0.0692 0.1185 0.0692 0.1185 0.0692 0.1185 0.0692 0.1185 0.0692 0.1185 0.0692 0.1185 0.0692 0.1185 0.0692 0.1185 0.0692 0.1185 0.0692 0.1185 0.0692 0.1185 0.0692 0.1185 0.0692 0.1185 0.0692 0.1185 0.0692 0.1185 0.0692 0.1185 0.0692 0.1185 0.0692 0.1185 0.0692 0.1185 0.0692 0.2108 0.1162 0.2108 0.1162 0.2108 0.1162 0.2108 0.1162 0.2108 0.1162 0.2108 0.1162 0.1185 0.0692 0.1185 0.0692 0.1185 0.0692 0.1185 0.0692 0.1185 0.0692 0.1185 0.0692 0.1185 0.0692 0.1185 0.0692 0.1185 0.0692 0.1185 0.0692 0.1185 0.0692 0.1185 0.0692 0.1185 0.0692 0.1185 0.0692 0.1185 0.0692 0.1185 0.0692 0.1185 0.0692 0.1185 0.0692 0.1185 0.0692 0.1185 0.0692 0.1185 0.0692 0.1185 0.0692 0.1185 0.0692 0.1185 0.0692 0.0858 0.8819 0.0858 0.8819 0.0858 0.8819 0.1185 0.0692 0.1185 0.0692 0.1185 0.0692 0.0858 0.8819 0.0858 0.8819 0.0858 0.8819 0.0858 0.8819 0.0858 0.8819 0.0858 0.8819 0.0858 0.8819 0.0858 0.8819 0.0858 0.8819 0.0858 0.8819 0.0858 0.8819 0.0858 0.8819 0.0858 0.8819 0.0858 0.8819 0.0858 0.8819 0.0858 0.8819 0.0858 0.8819 0.0858 0.8819 0.0858 0.8819 0.0858 0.8819 0.0858 0.8819 0.0858 0.8819 0.0858 0.8819 0.0858 0.8819 0.0858 0.8819 0.0858 0.8819 0.0858 0.8819 0.0858 0.8819 0.0858 0.8819 0.0858 0.8819 0.0858 0.8819 0.0858 0.8819 0.0858 0.8819 0.0858 0.8819 0.0858 0.8819 0.0858 0.8819 0.0858 0.8819 0.0858 0.8819 0.0858 0.8819 0.0858 0.8819 0.0858 0.8819 0.0858 0.8819 0.0858 0.8819 0.0858 0.8819 0.0858 0.8819 0.0858 0.8819 0.0858 0.8819 0.0858 0.8819 0.0858 0.8819 0.0858 0.8819 0.0858 0.8819 0.0858 0.8819 0.0858 0.8819 0.0858 0.8819 0.0858 0.8819 0.0858 0.8819 0.0858 0.8819 0.0858 0.8819 0.0858 0.8819 0.0858 0.8819 0.0858 0.8819 0.0858 0.8819 0.0858 0.8819 0.0858 0.8819 0.0858 0.8819 0.0858 0.8819 0.0858 0.8819 0.0858 0.8819 0.0858 0.8819 0.0858 0.8819 0.0858 0.8819 0.0858 0.8819 0.1185 0.0692 0.1185 0.0692 0.1185 0.0692 0.1185 0.0692 0.1185 0.0692 0.1185 0.0692 0.1185 0.0692 0.1185 0.0692 0.1185 0.0692 0.1185 0.0692 0.1185 0.0692 0.1185 0.0692 0.1185 0.0692 0.1185 0.0692 0.1185 0.0692 0.1185 0.0692 0.1185 0.0692 0.1185 0.0692 0.1185 0.0692 0.1185 0.0692 0.1185 0.0692 0.1185 0.0692 0.1185 0.0692 0.1185 0.0692 0.1185 0.0692 0.1185 0.0692 0.1185 0.0692 0.1185 0.0692 0.1185 0.0692 0.1185 0.0692 0.1185 0.0692 0.1185 0.0692 0.1185 0.0692 0.2108 0.1162 0.2108 0.1162 0.2108 0.1162 0.2108 0.1162 0.2108 0.1162 0.2108 0.1162 0.1185 0.0692 0.1185 0.0692 0.1185 0.0692 0.1185 0.0692 0.1185 0.0692 0.1185 0.0692 0.1185 0.0692 0.1185 0.0692 0.1185 0.0692 0.1185 0.0692 0.1185 0.0692 0.1185 0.0692 0.1185 0.0692 0.1185 0.0692 0.1185 0.0692 0.1185 0.0692 0.1185 0.0692 0.1185 0.0692 0.1185 0.0692 0.1185 0.0692 0.1185 0.0692 0.0858 0.8819 0.0858 0.8819 0.0858 0.8819 0.1185 0.0692 0.1185 0.0692 0.1185 0.0692 0.0858 0.8819 0.0858 0.8819 0.0858 0.8819 0.0858 0.8819 0.0858 0.8819 0.0858 0.8819 0.0858 0.8819 0.0858 0.8819 0.0858 0.8819 0.0858 0.8819 0.0858 0.8819 0.0858 0.8819 0.0858 0.8819 0.0858 0.8819 0.0858 0.8819 0.0858 0.8819 0.0858 0.8819 0.0858 0.8819 0.0858 0.8819 0.0858 0.8819 0.0858 0.8819 0.0858 0.8819 0.0858 0.8819 0.0858 0.8819 0.0858 0.8819 0.0858 0.8819 0.0858 0.8819 0.0858 0.8819 0.0858 0.8819 0.0858 0.8819 0.0858 0.8819 0.0858 0.8819 0.0858 0.8819 0.0858 0.8819 0.0858 0.8819 0.0858 0.8819 0.0858 0.8819 0.0858 0.8819 0.0858 0.8819 0.0858 0.8819 0.0858 0.8819 0.0858 0.8819 0.0858 0.8819 0.0858 0.8819 0.0858 0.8819 0.0858 0.8819 0.0858 0.8819 0.0858 0.8819 0.0858 0.8819 0.0858 0.8819 0.0858 0.8819 0.0858 0.8819 0.0858 0.8819 0.0858 0.8819 0.0858 0.8819 0.0858 0.8819 0.0858 0.8819 0.0858 0.8819 0.0858 0.8819 0.0858 0.8819 0.0858 0.8819 0.0858 0.8819 0.0858 0.8819 0.0858 0.8819 0.0858 0.8819 0.0858 0.8819 0.0858 0.8819 0.0858 0.8819 0.0858 0.8819 0.0858 0.8819 0.0858 0.8819 0.0858 0.8819 0.0858 0.8819 0.0858 0.8819 0.0858 0.8819 0.0858 0.8819 0.0858 0.8819 0.0858 0.8819 0.0858 0.8819 0.0858 0.8819 0.0858 0.8819 0.0858 0.8819 0.0858 0.8819 0.0858 0.8819 0.0858 0.8819 0.0858 0.8819 0.0858 0.8819 0.0858 0.8819 0.0858 0.8819 0.0858 0.8819 0.0858 0.8819 0.0858 0.8819 0.0858 0.8819 0.0858 0.8819 0.0858 0.8819 0.0858 0.8819 0.0858 0.8819 0.0858 0.8819 0.0858 0.8819 0.0858 0.8819 0.0858 0.8819 0.0858 0.8819 0.0858 0.8819 0.0858 0.8819 0.0858 0.8819 0.0858 0.8819 0.0858 0.8819 0.0858 0.8819 0.0858 0.8819 0.0858 0.8819 0.0858 0.8819 0.0858 0.8819 0.0858 0.8819 0.0858 0.8819 0.0858 0.8819 0.0858 0.8819 0.0858 0.8819 0.0858 0.8819 0.0858 0.8819 0.0858 0.8819 0.1185 0.0692 0.1185 0.0692 0.1185 0.0692 0.1185 0.0692 0.1185 0.0692 0.1185 0.0692 0.1185 0.0692 0.1185 0.0692 0.1185 0.0692 0.1185 0.0692 0.1185 0.0692 0.1185 0.0692 0.1185 0.0692 0.1185 0.0692 0.1185 0.0692 0.1185 0.0692 0.1185 0.0692 0.1185 0.0692 0.1185 0.0692 0.1185 0.0692 0.1185 0.0692 0.1185 0.0692 0.1185 0.0692 0.1185 0.0692 0.1185 0.0692 0.1185 0.0692 0.1185 0.0692 0.1185 0.0692 0.1185 0.0692 0.1185 0.0692 0.1185 0.0692 0.1185 0.0692 0.1185 0.0692 0.2108 0.1162 0.2108 0.1162 0.2108 0.1162 0.1185 0.0692 0.1185 0.0692 0.1185 0.0692 0.1185 0.0692 0.1185 0.0692 0.1185 0.0692 0.2108 0.1162 0.2108 0.1162 0.2108 0.1162 0.1185 0.0692 0.1185 0.0692 0.1185 0.0692 0.1185 0.0692 0.1185 0.0692 0.1185 0.0692 0.1185 0.0692 0.1185 0.0692 0.1185 0.0692 0.1185 0.0692 0.1185 0.0692 0.1185 0.0692 0.1185 0.0692 0.1185 0.0692 0.1185 0.0692 0.0858 0.8819 0.0858 0.8819 0.0858 0.8819 0.0858 0.8819 0.0858 0.8819 0.0858 0.8819 0.0858 0.8819 0.0858 0.8819 0.0858 0.8819 0.1185 0.0692 0.1185 0.0692 0.1185 0.0692 0.1185 0.0692 0.1185 0.0692 0.1185 0.0692 0.1185 0.0692 0.1185 0.0692 0.1185 0.0692 0.1185 0.0692 0.1185 0.0692 0.1185 0.0692 0.1185 0.0692 0.1185 0.0692 0.1185 0.0692 0.1185 0.0692 0.1185 0.0692 0.1185 0.0692 0.2108 0.1162 0.2108 0.1162 0.2108 0.1162 0.2108 0.1162 0.2108 0.1162 0.2108 0.1162 0.1185 0.0692 0.1185 0.0692 0.1185 0.0692 0.1185 0.0692 0.1185 0.0692 0.1185 0.0692 0.1185 0.0692 0.1185 0.0692 0.1185 0.0692 0.1185 0.0692 0.1185 0.0692 0.1185 0.0692 0.1185 0.0692 0.1185 0.0692 0.1185 0.0692 0.1185 0.0692 0.1185 0.0692 0.1185 0.0692 0.1185 0.0692 0.1185 0.0692 0.1185 0.0692 0.0858 0.8819 0.0858 0.8819 0.0858 0.8819 0.0858 0.8819 0.0858 0.8819 0.0858 0.8819 0.0858 0.8819 0.0858 0.8819 0.0858 0.8819 0.1185 0.0692 0.1185 0.0692 0.1185 0.0692 0.0858 0.8819 0.0858 0.8819 0.0858 0.8819 0.0858 0.8819 0.0858 0.8819 0.0858 0.8819 0.0858 0.8819 0.0858 0.8819 0.0858 0.8819 0.0858 0.8819 0.0858 0.8819 0.0858 0.8819 0.0858 0.8819 0.0858 0.8819 0.0858 0.8819 0.0858 0.8819 0.0858 0.8819 0.0858 0.8819 0.0858 0.8819 0.0858 0.8819 0.0858 0.8819 0.0858 0.8819 0.0858 0.8819 0.0858 0.8819 0.0858 0.8819 0.0858 0.8819 0.0858 0.8819 0.0858 0.8819 0.0858 0.8819 0.0858 0.8819 0.0858 0.8819 0.0858 0.8819 0.0858 0.8819 0.0858 0.8819 0.0858 0.8819 0.0858 0.8819 0.0858 0.8819 0.0858 0.8819 0.0858 0.8819 0.0858 0.8819 0.0858 0.8819 0.0858 0.8819 0.0858 0.8819 0.0858 0.8819 0.0858 0.8819 0.0858 0.8819 0.0858 0.8819 0.0858 0.8819 0.0858 0.8819 0.0858 0.8819 0.0858 0.8819 0.0858 0.8819 0.0858 0.8819 0.0858 0.8819 0.1185 0.0692 0.1185 0.0692 0.1185 0.0692 0.1185 0.0692 0.1185 0.0692 0.1185 0.0692 0.1185 0.0692 0.1185 0.0692 0.1185 0.0692 0.1185 0.0692 0.1185 0.0692 0.1185 0.0692 0.1185 0.0692 0.1185 0.0692 0.1185 0.0692 0.1185 0.0692 0.1185 0.0692 0.1185 0.0692 0.1185 0.0692 0.1185 0.0692 0.1185 0.0692 0.1185 0.0692 0.1185 0.0692 0.1185 0.0692 0.1185 0.0692 0.1185 0.0692 0.1185 0.0692 0.1185 0.0692 0.1185 0.0692 0.1185 0.0692 0.2108 0.1162 0.2108 0.1162 0.2108 0.1162 0.2108 0.1162 0.2108 0.1162 0.2108 0.1162 0.1185 0.0692 0.1185 0.0692 0.1185 0.0692 0.1185 0.0692 0.1185 0.0692 0.1185 0.0692 0.1185 0.0692 0.1185 0.0692 0.1185 0.0692 0.1185 0.0692 0.1185 0.0692 0.1185 0.0692 0.1185 0.0692 0.1185 0.0692 0.1185 0.0692 0.1185 0.0692 0.1185 0.0692 0.1185 0.0692 0.1185 0.0692 0.1185 0.0692 0.1185 0.0692 0.1185 0.0692 0.1185 0.0692 0.1185 0.0692 0.0858 0.8819 0.0858 0.8819 0.0858 0.8819 0.0858 0.8819 0.0858 0.8819 0.0858 0.8819 0.0858 0.8819 0.0858 0.8819 0.0858 0.8819 0.1185 0.0692 0.1185 0.0692 0.1185 0.0692 0.0858 0.8819 0.0858 0.8819 0.0858 0.8819 0.0858 0.8819 0.0858 0.8819 0.0858 0.8819 0.0858 0.8819 0.0858 0.8819 0.0858 0.8819 0.0858 0.8819 0.0858 0.8819 0.0858 0.8819 0.0858 0.8819 0.0858 0.8819 0.0858 0.8819 0.0858 0.8819 0.0858 0.8819 0.0858 0.8819 0.0858 0.8819 0.0858 0.8819 0.0858 0.8819 0.0858 0.8819 0.0858 0.8819 0.0858 0.8819 0.0858 0.8819 0.0858 0.8819 0.0858 0.8819 0.0858 0.8819 0.0858 0.8819 0.0858 0.8819 0.0858 0.8819 0.0858 0.8819 0.0858 0.8819 0.0858 0.8819 0.0858 0.8819 0.0858 0.8819 0.0858 0.8819 0.0858 0.8819 0.0858 0.8819 0.0858 0.8819 0.0858 0.8819 0.0858 0.8819 0.0858 0.8819 0.0858 0.8819 0.0858 0.8819 0.0858 0.8819 0.0858 0.8819 0.0858 0.8819 0.0858 0.8819 0.0858 0.8819 0.0858 0.8819 0.0858 0.8819 0.0858 0.8819 0.0858 0.8819 0.0858 0.8819 0.0858 0.8819 0.0858 0.8819 0.0858 0.8819 0.0858 0.8819 0.0858 0.8819 0.0858 0.8819 0.0858 0.8819 0.0858 0.8819 0.0858 0.8819 0.0858 0.8819 0.0858 0.8819 0.1185 0.0692 0.1185 0.0692 0.1185 0.0692 0.1185 0.0692 0.1185 0.0692 0.1185 0.0692 0.1185 0.0692 0.1185 0.0692 0.1185 0.0692 0.1185 0.0692 0.1185 0.0692 0.1185 0.0692 0.1185 0.0692 0.1185 0.0692 0.1185 0.0692 0.1185 0.0692 0.1185 0.0692 0.1185 0.0692 0.1185 0.0692 0.1185 0.0692 0.1185 0.0692 0.1185 0.0692 0.1185 0.0692 0.1185 0.0692 0.1185 0.0692 0.1185 0.0692 0.1185 0.0692 0.1185 0.0692 0.1185 0.0692 0.1185 0.0692 0.1185 0.0692 0.1185 0.0692 0.1185 0.0692 0.2108 0.1162 0.2108 0.1162 0.2108 0.1162 0.2108 0.1162 0.2108 0.1162 0.2108 0.1162 0.1185 0.0692 0.1185 0.0692 0.1185 0.0692 0.1185 0.0692 0.1185 0.0692 0.1185 0.0692 0.1185 0.0692 0.1185 0.0692 0.1185 0.0692 0.1185 0.0692 0.1185 0.0692 0.1185 0.0692 0.1185 0.0692 0.1185 0.0692 0.1185 0.0692 0.1185 0.0692 0.1185 0.0692 0.1185 0.0692 0.1185 0.0692 0.1185 0.0692 0.1185 0.0692 0.0858 0.8819 0.0858 0.8819 0.0858 0.8819 0.0858 0.8819 0.0858 0.8819 0.0858 0.8819 0.0858 0.8819 0.0858 0.8819 0.0858 0.8819 0.1185 0.0692 0.1185 0.0692 0.1185 0.0692 0.0858 0.8819 0.0858 0.8819 0.0858 0.8819 0.0858 0.8819 0.0858 0.8819 0.0858 0.8819 0.0858 0.8819 0.0858 0.8819 0.0858 0.8819 0.0858 0.8819 0.0858 0.8819 0.0858 0.8819 0.0858 0.8819 0.0858 0.8819 0.0858 0.8819 0.0858 0.8819 0.0858 0.8819 0.0858 0.8819 0.0858 0.8819 0.0858 0.8819 0.0858 0.8819 0.0858 0.8819 0.0858 0.8819 0.0858 0.8819 0.0858 0.8819 0.0858 0.8819 0.0858 0.8819 0.0858 0.8819 0.0858 0.8819 0.0858 0.8819 0.0858 0.8819 0.0858 0.8819 0.0858 0.8819 0.0858 0.8819 0.0858 0.8819 0.0858 0.8819 0.0858 0.8819 0.0858 0.8819 0.0858 0.8819 0.0858 0.8819 0.0858 0.8819 0.0858 0.8819 0.0858 0.8819 0.0858 0.8819 0.0858 0.8819 0.1185 0.0692 0.1185 0.0692 0.1185 0.0692 0.1185 0.0692 0.1185 0.0692 0.1185 0.0692 0.1185 0.0692 0.1185 0.0692 0.1185 0.0692 0.1185 0.0692 0.1185 0.0692 0.1185 0.0692 0.1185 0.0692 0.1185 0.0692 0.1185 0.0692 0.1185 0.0692 0.1185 0.0692 0.1185 0.0692 0.1185 0.0692 0.1185 0.0692 0.1185 0.0692 0.2108 0.1162 0.2108 0.1162 0.2108 0.1162 0.1185 0.0692 0.1185 0.0692 0.1185 0.0692 0.2108 0.1162 0.2108 0.1162 0.2108 0.1162 0.1185 0.0692 0.1185 0.0692 0.1185 0.0692 0.1185 0.0692 0.1185 0.0692 0.1185 0.0692 0.1185 0.0692 0.1185 0.0692 0.1185 0.0692 0.1185 0.0692 0.1185 0.0692 0.1185 0.0692 0.1185 0.0692 0.1185 0.0692 0.1185 0.0692 0.0858 0.8819 0.0858 0.8819 0.0858 0.8819 0.0858 0.8819 0.0858 0.8819 0.0858 0.8819 0.0858 0.8819 0.0858 0.8819 0.0858 0.8819 0.0858 0.8819 0.0858 0.8819 0.0858 0.8819 0.0858 0.8819 0.0858 0.8819 0.0858 0.8819 0.0858 0.8819 0.0858 0.8819 0.0858 0.8819 0.0858 0.8819 0.0858 0.8819 0.0858 0.8819 0.0858 0.8819 0.0858 0.8819 0.0858 0.8819 0.0858 0.8819 0.0858 0.8819 0.0858 0.8819 0.0858 0.8819 0.0858 0.8819 0.0858 0.8819 0.0858 0.8819 0.0858 0.8819 0.0858 0.8819 0.0858 0.8819 0.0858 0.8819 0.0858 0.8819 0.0858 0.8819 0.0858 0.8819 0.0858 0.8819 0.0858 0.8819 0.0858 0.8819 0.0858 0.8819 0.0858 0.8819 0.0858 0.8819 0.0858 0.8819 0.0858 0.8819 0.0858 0.8819 0.0858 0.8819 0.0858 0.8819 0.0858 0.8819 0.0858 0.8819 0.0858 0.8819 0.0858 0.8819 0.0858 0.8819 0.0858 0.8819 0.0858 0.8819 0.0858 0.8819 0.0858 0.8819 0.0858 0.8819 0.0858 0.8819 0.0858 0.8819 0.0858 0.8819 0.0858 0.8819 0.0858 0.8819 0.0858 0.8819 0.0858 0.8819 0.1185 0.0692 0.1185 0.0692 0.1185 0.0692 0.1185 0.0692 0.1185 0.0692 0.1185 0.0692 0.1185 0.0692 0.1185 0.0692 0.1185 0.0692 0.1185 0.0692 0.1185 0.0692 0.1185 0.0692 0.1185 0.0692 0.1185 0.0692 0.1185 0.0692 0.1185 0.0692 0.1185 0.0692 0.1185 0.0692 0.1185 0.0692 0.1185 0.0692 0.1185 0.0692 0.1185 0.0692 0.1185 0.0692 0.1185 0.0692 0.1185 0.0692 0.1185 0.0692 0.1185 0.0692 0.1185 0.0692 0.1185 0.0692 0.1185 0.0692 0.1185 0.0692 0.1185 0.0692 0.1185 0.0692 0.2108 0.1162 0.2108 0.1162 0.2108 0.1162 0.2108 0.1162 0.2108 0.1162 0.2108 0.1162 0.1185 0.0692 0.1185 0.0692 0.1185 0.0692 0.1185 0.0692 0.1185 0.0692 0.1185 0.0692 0.1185 0.0692 0.1185 0.0692 0.1185 0.0692 0.1185 0.0692 0.1185 0.0692 0.1185 0.0692 0.1185 0.0692 0.1185 0.0692 0.1185 0.0692 0.1185 0.0692 0.1185 0.0692 0.1185 0.0692 0.1185 0.0692 0.1185 0.0692 0.1185 0.0692 0.0858 0.8819 0.0858 0.8819 0.0858 0.8819 0.1185 0.0692 0.1185 0.0692 0.1185 0.0692 0.0858 0.8819 0.0858 0.8819 0.0858 0.8819 0.0858 0.8819 0.0858 0.8819 0.0858 0.8819 0.0858 0.8819 0.0858 0.8819 0.0858 0.8819 0.0858 0.8819 0.0858 0.8819 0.0858 0.8819 0.0858 0.8819 0.0858 0.8819 0.0858 0.8819 0.0858 0.8819 0.0858 0.8819 0.0858 0.8819 0.0858 0.8819 0.0858 0.8819 0.0858 0.8819 0.0858 0.8819 0.0858 0.8819 0.0858 0.8819 0.0858 0.8819 0.0858 0.8819 0.0858 0.8819 0.0858 0.8819 0.0858 0.8819 0.0858 0.8819 0.0858 0.8819 0.0858 0.8819 0.0858 0.8819 0.0858 0.8819 0.0858 0.8819 0.0858 0.8819 0.0858 0.8819 0.0858 0.8819 0.0858 0.8819 0.0858 0.8819 0.0858 0.8819 0.0858 0.8819 0.0858 0.8819 0.0858 0.8819 0.0858 0.8819 0.0858 0.8819 0.0858 0.8819 0.0858 0.8819 0.0858 0.8819 0.0858 0.8819 0.0858 0.8819 0.0858 0.8819 0.0858 0.8819 0.0858 0.8819 0.0858 0.8819 0.0858 0.8819 0.0858 0.8819 0.0858 0.8819 0.0858 0.8819 0.0858 0.8819 0.0858 0.8819 0.0858 0.8819 0.0858 0.8819 0.0858 0.8819 0.0858 0.8819 0.0858 0.8819 0.0858 0.8819 0.0858 0.8819 0.0858 0.8819 0.0858 0.8819 0.0858 0.8819 0.0858 0.8819 0.1185 0.0692 0.1185 0.0692 0.1185 0.0692 0.1185 0.0692 0.1185 0.0692 0.1185 0.0692 0.1185 0.0692 0.1185 0.0692 0.1185 0.0692 0.1185 0.0692 0.1185 0.0692 0.1185 0.0692 0.1185 0.0692 0.1185 0.0692 0.1185 0.0692 0.1185 0.0692 0.1185 0.0692 0.1185 0.0692 0.1185 0.0692 0.1185 0.0692 0.1185 0.0692 0.1185 0.0692 0.1185 0.0692 0.1185 0.0692 0.1185 0.0692 0.1185 0.0692 0.1185 0.0692 0.1185 0.0692 0.1185 0.0692 0.1185 0.0692 0.2108 0.1162 0.2108 0.1162 0.2108 0.1162 0.2108 0.1162 0.2108 0.1162 0.2108 0.1162 0.1185 0.0692 0.1185 0.0692 0.1185 0.0692 0.1185 0.0692 0.1185 0.0692 0.1185 0.0692 0.1185 0.0692 0.1185 0.0692 0.1185 0.0692 0.1185 0.0692 0.1185 0.0692 0.1185 0.0692 0.1185 0.0692 0.1185 0.0692 0.1185 0.0692 0.1185 0.0692 0.1185 0.0692 0.1185 0.0692 0.1185 0.0692 0.1185 0.0692 0.1185 0.0692 0.1185 0.0692 0.1185 0.0692 0.1185 0.0692 0.0858 0.8819 0.0858 0.8819 0.0858 0.8819 0.0858 0.8819 0.0858 0.8819 0.0858 0.8819 0.0858 0.8819 0.0858 0.8819 0.0858 0.8819 0.1185 0.0692 0.1185 0.0692 0.1185 0.0692 0.0858 0.8819 0.0858 0.8819 0.0858 0.8819 0.0858 0.8819 0.0858 0.8819 0.0858 0.8819 0.0858 0.8819 0.0858 0.8819 0.0858 0.8819 0.0858 0.8819 0.0858 0.8819 0.0858 0.8819 0.0858 0.8819 0.0858 0.8819 0.0858 0.8819 0.0858 0.8819 0.0858 0.8819 0.0858 0.8819 0.0858 0.8819 0.0858 0.8819 0.0858 0.8819 0.0858 0.8819 0.0858 0.8819 0.0858 0.8819 0.0858 0.8819 0.0858 0.8819 0.0858 0.8819 0.0858 0.8819 0.0858 0.8819 0.0858 0.8819 0.0858 0.8819 0.0858 0.8819 0.0858 0.8819 0.0858 0.8819 0.0858 0.8819 0.0858 0.8819 0.0858 0.8819 0.0858 0.8819 0.0858 0.8819 0.0858 0.8819 0.0858 0.8819 0.0858 0.8819 0.0858 0.8819 0.0858 0.8819 0.0858 0.8819 0.0858 0.8819 0.0858 0.8819 0.0858 0.8819 0.0858 0.8819 0.0858 0.8819 0.0858 0.8819 0.0858 0.8819 0.0858 0.8819 0.0858 0.8819 0.0858 0.8819 0.0858 0.8819 0.0858 0.8819 0.0858 0.8819 0.0858 0.8819 0.0858 0.8819 0.0858 0.8819 0.0858 0.8819 0.0858 0.8819 0.0858 0.8819 0.0858 0.8819 0.0858 0.8819 0.1185 0.0692 0.1185 0.0692 0.1185 0.0692 0.1185 0.0692 0.1185 0.0692 0.1185 0.0692 0.1185 0.0692 0.1185 0.0692 0.1185 0.0692 0.1185 0.0692 0.1185 0.0692 0.1185 0.0692 0.1185 0.0692 0.1185 0.0692 0.1185 0.0692 0.1185 0.0692 0.1185 0.0692 0.1185 0.0692 0.1185 0.0692 0.1185 0.0692 0.1185 0.0692 0.1185 0.0692 0.1185 0.0692 0.1185 0.0692 0.1185 0.0692 0.1185 0.0692 0.1185 0.0692 0.1185 0.0692 0.1185 0.0692 0.1185 0.0692 0.1185 0.0692 0.1185 0.0692 0.1185 0.0692 0.2108 0.1162 0.2108 0.1162 0.2108 0.1162 0.2108 0.1162 0.2108 0.1162 0.2108 0.1162 0.1185 0.0692 0.1185 0.0692 0.1185 0.0692 0.1185 0.0692 0.1185 0.0692 0.1185 0.0692 0.1185 0.0692 0.1185 0.0692 0.1185 0.0692 0.1185 0.0692 0.1185 0.0692 0.1185 0.0692 0.1185 0.0692 0.1185 0.0692 0.1185 0.0692 0.1185 0.0692 0.1185 0.0692 0.1185 0.0692 0.1185 0.0692 0.1185 0.0692 0.1185 0.0692 0.0858 0.8819 0.0858 0.8819 0.0858 0.8819 0.0858 0.8819 0.0858 0.8819 0.0858 0.8819 0.0858 0.8819 0.0858 0.8819 0.0858 0.8819 0.1185 0.0692 0.1185 0.0692 0.1185 0.0692 0.0858 0.8819 0.0858 0.8819 0.0858 0.8819 0.0858 0.8819 0.0858 0.8819 0.0858 0.8819 0.0858 0.8819 0.0858 0.8819 0.0858 0.8819 0.0858 0.8819 0.0858 0.8819 0.0858 0.8819 0.0858 0.8819 0.0858 0.8819 0.0858 0.8819 0.0858 0.8819 0.0858 0.8819 0.0858 0.8819 0.0858 0.8819 0.0858 0.8819 0.0858 0.8819 0.0858 0.8819 0.0858 0.8819 0.0858 0.8819 0.0858 0.8819 0.0858 0.8819 0.0858 0.8819 0.0858 0.8819 0.0858 0.8819 0.0858 0.8819 0.0858 0.8819 0.0858 0.8819 0.0858 0.8819 0.0858 0.8819 0.0858 0.8819 0.0858 0.8819 0.1174 0.0386 0.1174 0.0386 0.1174 0.0386 0.0858 0.8819 0.0858 0.8819 0.0858 0.8819 0.1174 0.0386 0.1174 0.0386 0.1174 0.0386 0.1174 0.0386 0.1174 0.0386 0.1174 0.0386 0.1174 0.0386 0.1174 0.0386 0.1174 0.0386 0.0858 0.8819 0.0858 0.8819 0.0858 0.8819 0.0858 0.8819 0.0858 0.8819 0.0858 0.8819 0.1174 0.0386 0.1174 0.0386 0.1174 0.0386 0.1174 0.0386 0.1174 0.0386 0.1174 0.0386 0.1174 0.0386 0.1174 0.0386 0.1174 0.0386 0.1174 0.0386 0.1174 0.0386 0.1174 0.0386 0.1174 0.0386 0.1174 0.0386 0.1174 0.0386 0.1174 0.0386 0.1174 0.0386 0.1174 0.0386 0.0858 0.8819 0.0858 0.8819 0.0858 0.8819 0.0858 0.8819 0.0858 0.8819 0.0858 0.8819 0.0858 0.8819 0.0858 0.8819 0.0858 0.8819 0.0858 0.8819 0.0858 0.8819 0.0858 0.8819 0.0858 0.8819 0.0858 0.8819 0.0858 0.8819 0.0858 0.8819 0.0858 0.8819 0.0858 0.8819 0.0858 0.8819 0.0858 0.8819 0.0858 0.8819 0.0858 0.8819 0.0858 0.8819 0.0858 0.8819 0.0858 0.8819 0.0858 0.8819 0.0858 0.8819 0.0858 0.8819 0.0858 0.8819 0.0858 0.8819 0.0858 0.8819 0.0858 0.8819 0.0858 0.8819 0.0858 0.8819 0.0858 0.8819 0.0858 0.8819 0.0858 0.8819 0.0858 0.8819 0.0858 0.8819 0.0858 0.8819 0.0858 0.8819 0.0858 0.8819 0.1185 0.0692 0.1185 0.0692 0.1185 0.0692 0.0858 0.8819 0.0858 0.8819 0.0858 0.8819 0.1185 0.0692 0.1185 0.0692 0.1185 0.0692 0.1185 0.0692 0.1185 0.0692 0.1185 0.0692 0.1185 0.0692 0.1185 0.0692 0.1185 0.0692 0.1185 0.0692 0.1185 0.0692 0.1185 0.0692 0.1185 0.0692 0.1185 0.0692 0.1185 0.0692 0.1185 0.0692 0.1185 0.0692 0.1185 0.0692 0.1185 0.0692 0.1185 0.0692 0.1185 0.0692 0.2108 0.1162 0.2108 0.1162 0.2108 0.1162 0.1185 0.0692 0.1185 0.0692 0.1185 0.0692 0.1185 0.0692 0.1185 0.0692 0.1185 0.0692 0.2108 0.1162 0.2108 0.1162 0.2108 0.1162 0.1185 0.0692 0.1185 0.0692 0.1185 0.0692 0.1185 0.0692 0.1185 0.0692 0.1185 0.0692 0.1185 0.0692 0.1185 0.0692 0.1185 0.0692 0.1185 0.0692 0.1185 0.0692 0.1185 0.0692 0.1185 0.0692 0.1185 0.0692 0.1185 0.0692 0.0858 0.8819 0.0858 0.8819 0.0858 0.8819 0.0858 0.8819 0.0858 0.8819 0.0858 0.8819 0.0858 0.8819 0.0858 0.8819 0.0858 0.8819 0.1185 0.0692 0.1185 0.0692 0.1185 0.0692 0.1185 0.0692 0.1185 0.0692 0.1185 0.0692 0.1185 0.0692 0.1185 0.0692 0.1185 0.0692 0.1185 0.0692 0.1185 0.0692 0.1185 0.0692 0.0858 0.8819 0.0858 0.8819 0.0858 0.8819 0.0858 0.8819 0.0858 0.8819 0.0858 0.8819 0.0858 0.8819 0.0858 0.8819 0.0858 0.8819 0.0858 0.8819 0.0858 0.8819 0.0858 0.8819 0.1185 0.0692 0.1185 0.0692 0.1185 0.0692 0.1185 0.0692 0.1185 0.0692 0.1185 0.0692 0.1185 0.0692 0.1185 0.0692 0.1185 0.0692 0.1185 0.0692 0.1185 0.0692 0.1185 0.0692 0.1185 0.0692 0.1185 0.0692 0.1185 0.0692 0.2108 0.1162 0.2108 0.1162 0.2108 0.1162 0.2108 0.1162 0.2108 0.1162 0.2108 0.1162 0.1185 0.0692 0.1185 0.0692 0.1185 0.0692 0.1185 0.0692 0.1185 0.0692 0.1185 0.0692 0.1185 0.0692 0.1185 0.0692 0.1185 0.0692 0.1185 0.0692 0.1185 0.0692 0.1185 0.0692 0.1185 0.0692 0.1185 0.0692 0.1185 0.0692 0.1185 0.0692 0.1185 0.0692 0.1185 0.0692 0.1185 0.0692 0.1185 0.0692 0.1185 0.0692 0.0858 0.8819 0.0858 0.8819 0.0858 0.8819 0.0858 0.8819 0.0858 0.8819 0.0858 0.8819 0.0858 0.8819 0.0858 0.8819 0.0858 0.8819 0.1185 0.0692 0.1185 0.0692 0.1185 0.0692 0.0858 0.8819 0.0858 0.8819 0.0858 0.8819 0.0858 0.8819 0.0858 0.8819 0.0858 0.8819 0.0858 0.8819 0.0858 0.8819 0.0858 0.8819 0.0858 0.8819 0.0858 0.8819 0.0858 0.8819 0.0858 0.8819 0.0858 0.8819 0.0858 0.8819 0.0858 0.8819 0.0858 0.8819 0.0858 0.8819 0.0858 0.8819 0.0858 0.8819 0.0858 0.8819 0.0858 0.8819 0.0858 0.8819 0.0858 0.8819 0.0858 0.8819 0.0858 0.8819 0.0858 0.8819 0.0858 0.8819 0.0858 0.8819 0.0858 0.8819 0.0858 0.8819 0.0858 0.8819 0.0858 0.8819 0.0858 0.8819 0.0858 0.8819 0.0858 0.8819 0.0858 0.8819 0.0858 0.8819 0.0858 0.8819 0.0858 0.8819 0.0858 0.8819 0.0858 0.8819 0.0858 0.8819 0.0858 0.8819 0.0858 0.8819 0.0858 0.8819 0.0858 0.8819 0.0858 0.8819 0.0858 0.8819 0.0858 0.8819 0.0858 0.8819 0.0858 0.8819 0.0858 0.8819 0.0858 0.8819 0.0858 0.8819 0.0858 0.8819 0.0858 0.8819 0.0858 0.8819 0.0858 0.8819 0.0858 0.8819 0.0858 0.8819 0.0858 0.8819 0.0858 0.8819 0.0858 0.8819 0.0858 0.8819 0.0858 0.8819 0.1185 0.0692 0.1185 0.0692 0.1185 0.0692 0.1185 0.0692 0.1185 0.0692 0.1185 0.0692 0.1185 0.0692 0.1185 0.0692 0.1185 0.0692 0.1185 0.0692 0.1185 0.0692 0.1185 0.0692 0.1185 0.0692 0.1185 0.0692 0.1185 0.0692 0.1185 0.0692 0.1185 0.0692 0.1185 0.0692 0.1185 0.0692 0.1185 0.0692 0.1185 0.0692 0.1185 0.0692 0.1185 0.0692 0.1185 0.0692 0.1185 0.0692 0.1185 0.0692 0.1185 0.0692 0.1185 0.0692 0.1185 0.0692 0.1185 0.0692 0.2108 0.1162 0.2108 0.1162 0.2108 0.1162 0.1185 0.0692 0.1185 0.0692 0.1185 0.0692 0.2108 0.1162 0.2108 0.1162 0.2108 0.1162 0.1185 0.0692 0.1185 0.0692 0.1185 0.0692 0.1185 0.0692 0.1185 0.0692 0.1185 0.0692 0.1185 0.0692 0.1185 0.0692 0.1185 0.0692 0.1185 0.0692 0.1185 0.0692 0.1185 0.0692 0.1185 0.0692 0.1185 0.0692 0.1185 0.0692 0.1185 0.0692 0.1185 0.0692 0.1185 0.0692 0.0858 0.8819 0.0858 0.8819 0.0858 0.8819 0.1185 0.0692 0.1185 0.0692 0.1185 0.0692 0.0858 0.8819 0.0858 0.8819 0.0858 0.8819 0.0858 0.8819 0.0858 0.8819 0.0858 0.8819 0.0858 0.8819 0.0858 0.8819 0.0858 0.8819 0.0858 0.8819 0.0858 0.8819 0.0858 0.8819 0.0858 0.8819 0.0858 0.8819 0.0858 0.8819 0.0858 0.8819 0.0858 0.8819 0.0858 0.8819 0.0858 0.8819 0.0858 0.8819 0.0858 0.8819 0.0858 0.8819 0.0858 0.8819 0.0858 0.8819 0.0858 0.8819 0.0858 0.8819 0.0858 0.8819 0.0858 0.8819 0.0858 0.8819 0.0858 0.8819 0.0858 0.8819 0.0858 0.8819 0.0858 0.8819 0.0858 0.8819 0.0858 0.8819 0.0858 0.8819 0.0858 0.8819 0.0858 0.8819 0.0858 0.8819 0.0858 0.8819 0.0858 0.8819 0.0858 0.8819 0.0858 0.8819 0.0858 0.8819 0.0858 0.8819 0.0858 0.8819 0.0858 0.8819 0.0858 0.8819 0.0858 0.8819 0.0858 0.8819 0.0858 0.8819 0.0858 0.8819 0.0858 0.8819 0.0858 0.8819 0.0858 0.8819 0.0858 0.8819 0.0858 0.8819 0.0858 0.8819 0.0858 0.8819 0.0858 0.8819 0.0858 0.8819 0.0858 0.8819 0.0858 0.8819 0.0858 0.8819 0.0858 0.8819 0.0858 0.8819 0.0858 0.8819 0.0858 0.8819 0.0858 0.8819 0.0858 0.8819 0.0858 0.8819 0.0858 0.8819 0.0858 0.8819 0.0858 0.8819 0.0858 0.8819 0.0858 0.8819 0.0858 0.8819 0.0858 0.8819 0.0858 0.8819 0.0858 0.8819 0.0858 0.8819 0.0858 0.8819 0.0858 0.8819 0.0858 0.8819 0.0858 0.8819 0.0858 0.8819 0.0858 0.8819 0.1185 0.0692 0.1185 0.0692 0.1185 0.0692 0.1185 0.0692 0.1185 0.0692 0.1185 0.0692 0.1185 0.0692 0.1185 0.0692 0.1185 0.0692 0.1185 0.0692 0.1185 0.0692 0.1185 0.0692 0.1185 0.0692 0.1185 0.0692 0.1185 0.0692 0.1185 0.0692 0.1185 0.0692 0.1185 0.0692 0.1185 0.0692 0.1185 0.0692 0.1185 0.0692 0.1185 0.0692 0.1185 0.0692 0.1185 0.0692 0.1185 0.0692 0.1185 0.0692 0.1185 0.0692 0.1185 0.0692 0.1185 0.0692 0.1185 0.0692 0.2108 0.1162 0.2108 0.1162 0.2108 0.1162 0.1185 0.0692 0.1185 0.0692 0.1185 0.0692 0.2108 0.1162 0.2108 0.1162 0.2108 0.1162 0.1185 0.0692 0.1185 0.0692 0.1185 0.0692 0.1185 0.0692 0.1185 0.0692 0.1185 0.0692 0.1185 0.0692 0.1185 0.0692 0.1185 0.0692 0.1185 0.0692 0.1185 0.0692 0.1185 0.0692 0.1185 0.0692 0.1185 0.0692 0.1185 0.0692 0.1185 0.0692 0.1185 0.0692 0.1185 0.0692 0.0858 0.8819 0.0858 0.8819 0.0858 0.8819 0.1185 0.0692 0.1185 0.0692 0.1185 0.0692 0.0858 0.8819 0.0858 0.8819 0.0858 0.8819 0.0858 0.8819 0.0858 0.8819 0.0858 0.8819 0.0858 0.8819 0.0858 0.8819 0.0858 0.8819 0.0858 0.8819 0.0858 0.8819 0.0858 0.8819 0.0858 0.8819 0.0858 0.8819 0.0858 0.8819 0.0858 0.8819 0.0858 0.8819 0.0858 0.8819 0.0858 0.8819 0.0858 0.8819 0.0858 0.8819 0.0858 0.8819 0.0858 0.8819 0.0858 0.8819 0.0858 0.8819 0.0858 0.8819 0.0858 0.8819 0.0858 0.8819 0.0858 0.8819 0.0858 0.8819 0.0858 0.8819 0.0858 0.8819 0.0858 0.8819 0.1185 0.0692 0.1185 0.0692 0.1185 0.0692 0.1185 0.0692 0.1185 0.0692 0.1185 0.0692 0.1185 0.0692 0.1185 0.0692 0.1185 0.0692 0.1185 0.0692 0.1185 0.0692 0.1185 0.0692 0.1185 0.0692 0.1185 0.0692 0.1185 0.0692 0.1185 0.0692 0.1185 0.0692 0.1185 0.0692 0.1185 0.0692 0.1185 0.0692 0.1185 0.0692 0.2108 0.1162 0.2108 0.1162 0.2108 0.1162 0.2108 0.1162 0.2108 0.1162 0.2108 0.1162 0.1185 0.0692 0.1185 0.0692 0.1185 0.0692 0.1185 0.0692 0.1185 0.0692 0.1185 0.0692 0.1185 0.0692 0.1185 0.0692 0.1185 0.0692 0.1185 0.0692 0.1185 0.0692 0.1185 0.0692 0.1185 0.0692 0.1185 0.0692 0.1185 0.0692 0.1185 0.0692 0.1185 0.0692 0.1185 0.0692 0.0858 0.8819 0.0858 0.8819 0.0858 0.8819 0.0858 0.8819 0.0858 0.8819 0.0858 0.8819 0.0858 0.8819 0.0858 0.8819 0.0858 0.8819 0.0858 0.8819 0.0858 0.8819 0.0858 0.8819 0.0858 0.8819 0.0858 0.8819 0.0858 0.8819 0.0858 0.8819 0.0858 0.8819 0.0858 0.8819 0.1185 0.0692 0.1185 0.0692 0.1185 0.0692 0.0858 0.8819 0.0858 0.8819 0.0858 0.8819 0.0858 0.8819 0.0858 0.8819 0.0858 0.8819 0.0858 0.8819 0.0858 0.8819 0.0858 0.8819 0.1185 0.0692 0.1185 0.0692 0.1185 0.0692 0.1185 0.0692 0.1185 0.0692 0.1185 0.0692 0.1185 0.0692 0.1185 0.0692 0.1185 0.0692 0.1185 0.0692 0.1185 0.0692 0.1185 0.0692 0.1185 0.0692 0.1185 0.0692 0.1185 0.0692 0.1185 0.0692 0.1185 0.0692 0.1185 0.0692 0.1185 0.0692 0.1185 0.0692 0.1185 0.0692 0.2108 0.1162 0.2108 0.1162 0.2108 0.1162 0.2108 0.1162 0.2108 0.1162 0.2108 0.1162 0.1185 0.0692 0.1185 0.0692 0.1185 0.0692 0.1185 0.0692 0.1185 0.0692 0.1185 0.0692 0.1185 0.0692 0.1185 0.0692 0.1185 0.0692 0.1185 0.0692 0.1185 0.0692 0.1185 0.0692 0.1185 0.0692 0.1185 0.0692 0.1185 0.0692 0.1185 0.0692 0.1185 0.0692 0.1185 0.0692 0.0858 0.8819 0.0858 0.8819 0.0858 0.8819 0.1185 0.0692 0.1185 0.0692 0.1185 0.0692 0.0858 0.8819 0.0858 0.8819 0.0858 0.8819 0.0858 0.8819 0.0858 0.8819 0.0858 0.8819 0.1174 0.0386 0.1174 0.0386 0.1174 0.0386 0.1174 0.0386 0.1174 0.0386 0.1174 0.0386 0.1174 0.0386 0.1174 0.0386 0.1174 0.0386 0.1174 0.0386 0.1174 0.0386 0.1174 0.0386 0.1174 0.0386 0.1174 0.0386 0.1174 0.0386 0.1174 0.0386 0.1174 0.0386 0.1174 0.0386 0.1174 0.0386 0.1174 0.0386 0.1174 0.0386 0.1174 0.0386 0.1174 0.0386 0.1174 0.0386 0.1174 0.0386 0.1174 0.0386 0.1174 0.0386 0.1174 0.0386 0.1174 0.0386 0.1174 0.0386 0.1174 0.0386 0.1174 0.0386 0.1174 0.0386 0.1174 0.0386 0.1174 0.0386 0.1174 0.0386 0.1174 0.0386 0.1174 0.0386 0.1174 0.0386 0.1174 0.0386 0.1174 0.0386 0.1174 0.0386 0.1174 0.0386 0.1174 0.0386 0.1174 0.0386 0.1174 0.0386 0.1174 0.0386 0.1174 0.0386 0.1174 0.0386 0.1174 0.0386 0.1174 0.0386 0.1174 0.0386 0.1174 0.0386 0.1174 0.0386 0.1174 0.0386 0.1174 0.0386 0.1174 0.0386 0.1174 0.0386 0.1174 0.0386 0.1174 0.0386 0.1174 0.0386 0.1174 0.0386 0.1174 0.0386 0.1174 0.0386 0.1174 0.0386 0.1174 0.0386 0.1174 0.0386 0.1174 0.0386 0.1174 0.0386 0.1174 0.0386 0.1174 0.0386 0.1174 0.0386 0.1174 0.0386 0.1174 0.0386 0.1174 0.0386 0.1174 0.0386 0.1174 0.0386 0.1174 0.0386 0.1174 0.0386 0.1174 0.0386 0.1174 0.0386 0.1174 0.0386 0.1174 0.0386 0.1174 0.0386 0.1174 0.0386 0.1174 0.0386 0.1174 0.0386 0.1174 0.0386 0.1174 0.0386 0.1174 0.0386 0.1174 0.0386 0.1174 0.0386 0.1174 0.0386 0.1174 0.0386 0.1174 0.0386 0.1174 0.0386 0.1174 0.0386 0.1174 0.0386 0.1174 0.0386 0.1174 0.0386 0.1174 0.0386 0.1174 0.0386 0.1174 0.0386 0.1174 0.0386 0.1174 0.0386 0.1174 0.0386 0.1174 0.0386 0.1174 0.0386 0.1174 0.0386 0.1174 0.0386 0.1174 0.0386 0.1174 0.0386 0.1174 0.0386 0.1174 0.0386 0.1174 0.0386 0.1174 0.0386 0.1174 0.0386 0.1174 0.0386 0.1174 0.0386 0.1174 0.0386 0.1174 0.0386 0.1174 0.0386 0.1174 0.0386 0.1174 0.0386 0.1174 0.0386 0.1174 0.0386 0.1174 0.0386 0.1174 0.0386 0.1174 0.0386 0.1174 0.0386 0.1174 0.0386 0.1174 0.0386 0.1174 0.0386 0.1174 0.0386 0.1174 0.0386 0.1174 0.0386 0.1174 0.0386 0.1174 0.0386 0.1174 0.0386 0.1174 0.0386 0.1174 0.0386 0.1174 0.0386 0.1174 0.0386 0.1174 0.0386 0.1174 0.0386 0.1174 0.0386 0.1174 0.0386 0.1174 0.0386 0.1174 0.0386 0.1174 0.0386 0.1174 0.0386 0.1174 0.0386 0.1174 0.0386 0.1174 0.0386 0.1174 0.0386 0.1174 0.0386 0.1174 0.0386 0.1174 0.0386 0.1174 0.0386 0.1174 0.0386 0.1174 0.0386 0.1174 0.0386 0.1174 0.0386 0.1174 0.0386 0.1174 0.0386 0.1174 0.0386 0.1174 0.0386 0.1174 0.0386 0.1174 0.0386 0.1174 0.0386 0.1174 0.0386 0.1174 0.0386 0.1174 0.0386 0.1174 0.0386 0.1174 0.0386 0.1174 0.0386 0.1174 0.0386 0.1174 0.0386 0.1174 0.0386 0.1174 0.0386 0.1174 0.0386 0.1174 0.0386 0.1174 0.0386 0.1174 0.0386 0.1174 0.0386 0.1174 0.0386 0.1174 0.0386 0.1174 0.0386 0.1174 0.0386 0.1174 0.0386 0.1174 0.0386 0.1174 0.0386 0.1174 0.0386 0.1174 0.0386 0.1174 0.0386 0.1174 0.0386 0.1174 0.0386 0.1174 0.0386 0.1174 0.0386 0.1174 0.0386 0.1174 0.0386 0.1174 0.0386 0.1174 0.0386 0.1174 0.0386 0.1174 0.0386 0.1174 0.0386 0.1174 0.0386 0.1174 0.0386 0.1174 0.0386 0.1174 0.0386 0.1174 0.0386 0.1174 0.0386 0.1174 0.0386 0.1174 0.0386 0.1174 0.0386 0.1174 0.0386 0.1174 0.0386 0.1174 0.0386 0.1174 0.0386 0.1174 0.0386 0.1174 0.0386 0.1174 0.0386 0.1174 0.0386 0.1174 0.0386 0.1174 0.0386 0.1174 0.0386 0.1174 0.0386 0.1174 0.0386 0.0858 0.8819 0.0858 0.8819 0.0858 0.8819 0.0858 0.8819 0.0858 0.8819 0.0858 0.8819 0.0858 0.8819 0.0858 0.8819 0.0858 0.8819 0.0858 0.8819 0.0858 0.8819 0.0858 0.8819 0.0858 0.8819 0.0858 0.8819 0.0858 0.8819 0.0858 0.8819 0.0858 0.8819 0.0858 0.8819 0.0858 0.8819 0.0858 0.8819 0.0858 0.8819 0.0858 0.8819 0.0858 0.8819 0.0858 0.8819 0.0858 0.8819 0.0858 0.8819 0.0858 0.8819 0.0858 0.8819 0.0858 0.8819 0.0858 0.8819 0.1185 0.0692 0.1185 0.0692 0.1185 0.0692 0.1185 0.0692 0.1185 0.0692 0.1185 0.0692 0.1185 0.0692 0.1185 0.0692 0.1185 0.0692 0.1185 0.0692 0.1185 0.0692 0.1185 0.0692 0.1185 0.0692 0.1185 0.0692 0.1185 0.0692 0.1185 0.0692 0.1185 0.0692 0.1185 0.0692 0.1185 0.0692 0.1185 0.0692 0.1185 0.0692 0.1185 0.0692 0.1185 0.0692 0.1185 0.0692 0.2108 0.1162 0.2108 0.1162 0.2108 0.1162 0.1185 0.0692 0.1185 0.0692 0.1185 0.0692 0.1185 0.0692 0.1185 0.0692 0.1185 0.0692 0.2108 0.1162 0.2108 0.1162 0.2108 0.1162 0.1185 0.0692 0.1185 0.0692 0.1185 0.0692 0.1185 0.0692 0.1185 0.0692 0.1185 0.0692 0.1185 0.0692 0.1185 0.0692 0.1185 0.0692 0.0858 0.8819 0.0858 0.8819 0.0858 0.8819 0.0858 0.8819 0.0858 0.8819 0.0858 0.8819 0.0858 0.8819 0.0858 0.8819 0.0858 0.8819 0.0858 0.8819 0.0858 0.8819 0.0858 0.8819 0.0858 0.8819 0.0858 0.8819 0.0858 0.8819 0.0858 0.8819 0.0858 0.8819 0.0858 0.8819 0.0858 0.8819 0.0858 0.8819 0.0858 0.8819 0.0858 0.8819 0.0858 0.8819 0.0858 0.8819 0.0858 0.8819 0.0858 0.8819 0.0858 0.8819 0.0858 0.8819 0.0858 0.8819 0.0858 0.8819 0.0858 0.8819 0.0858 0.8819 0.0858 0.8819 0.1185 0.0692 0.1185 0.0692 0.1185 0.0692 0.1185 0.0692 0.1185 0.0692 0.1185 0.0692 0.1185 0.0692 0.1185 0.0692 0.1185 0.0692 0.1185 0.0692 0.1185 0.0692 0.1185 0.0692 0.1185 0.0692 0.1185 0.0692 0.1185 0.0692 0.1185 0.0692 0.1185 0.0692 0.1185 0.0692 0.1185 0.0692 0.1185 0.0692 0.1185 0.0692 0.2108 0.1162 0.2108 0.1162 0.2108 0.1162 0.1185 0.0692 0.1185 0.0692 0.1185 0.0692 0.2108 0.1162 0.2108 0.1162 0.2108 0.1162 0.1185 0.0692 0.1185 0.0692 0.1185 0.0692 0.1185 0.0692 0.1185 0.0692 0.1185 0.0692 0.1185 0.0692 0.1185 0.0692 0.1185 0.0692 0.1185 0.0692 0.1185 0.0692 0.1185 0.0692 0.1185 0.0692 0.1185 0.0692 0.1185 0.0692 0.0858 0.8819 0.0858 0.8819 0.0858 0.8819 0.0858 0.8819 0.0858 0.8819 0.0858 0.8819 0.0858 0.8819 0.0858 0.8819 0.0858 0.8819 0.0858 0.8819 0.0858 0.8819 0.0858 0.8819 0.0858 0.8819 0.0858 0.8819 0.0858 0.8819 0.0858 0.8819 0.0858 0.8819 0.0858 0.8819 0.0858 0.8819 0.0858 0.8819 0.0858 0.8819 0.0858 0.8819 0.0858 0.8819 0.0858 0.8819 0.0858 0.8819 0.0858 0.8819 0.0858 0.8819 0.0858 0.8819 0.0858 0.8819 0.0858 0.8819 0.0858 0.8819 0.0858 0.8819 0.0858 0.8819 0.1185 0.0692 0.1185 0.0692 0.1185 0.0692 0.1185 0.0692 0.1185 0.0692 0.1185 0.0692 0.1185 0.0692 0.1185 0.0692 0.1185 0.0692 0.1185 0.0692 0.1185 0.0692 0.1185 0.0692 0.1185 0.0692 0.1185 0.0692 0.1185 0.0692 0.1185 0.0692 0.1185 0.0692 0.1185 0.0692 0.1185 0.0692 0.1185 0.0692 0.1185 0.0692 0.2108 0.1162 0.2108 0.1162 0.2108 0.1162 0.1185 0.0692 0.1185 0.0692 0.1185 0.0692 0.2108 0.1162 0.2108 0.1162 0.2108 0.1162 0.1185 0.0692 0.1185 0.0692 0.1185 0.0692 0.1185 0.0692 0.1185 0.0692 0.1185 0.0692 0.1185 0.0692 0.1185 0.0692 0.1185 0.0692 0.1185 0.0692 0.1185 0.0692 0.1185 0.0692 0.1185 0.0692 0.1185 0.0692 0.1185 0.0692 0.0858 0.8819 0.0858 0.8819 0.0858 0.8819 0.0858 0.8819 0.0858 0.8819 0.0858 0.8819 0.0858 0.8819 0.0858 0.8819 0.0858 0.8819 0.0858 0.8819 0.0858 0.8819 0.0858 0.8819 0.0858 0.8819 0.0858 0.8819 0.0858 0.8819 0.0858 0.8819 0.0858 0.8819 0.0858 0.8819 0.0858 0.8819 0.0858 0.8819 0.0858 0.8819 0.0858 0.8819 0.0858 0.8819 0.0858 0.8819 0.0858 0.8819 0.0858 0.8819 0.0858 0.8819 0.0858 0.8819 0.0858 0.8819 0.0858 0.8819 0.0858 0.8819 0.0858 0.8819 0.0858 0.8819 0.1185 0.0692 0.1185 0.0692 0.1185 0.0692 0.1185 0.0692 0.1185 0.0692 0.1185 0.0692 0.1185 0.0692 0.1185 0.0692 0.1185 0.0692 0.1185 0.0692 0.1185 0.0692 0.1185 0.0692 0.1185 0.0692 0.1185 0.0692 0.1185 0.0692 0.1185 0.0692 0.1185 0.0692 0.1185 0.0692 0.1185 0.0692 0.1185 0.0692 0.1185 0.0692 0.2108 0.1162 0.2108 0.1162 0.2108 0.1162 0.1185 0.0692 0.1185 0.0692 0.1185 0.0692 0.2108 0.1162 0.2108 0.1162 0.2108 0.1162 0.1185 0.0692 0.1185 0.0692 0.1185 0.0692 0.1185 0.0692 0.1185 0.0692 0.1185 0.0692 0.1185 0.0692 0.1185 0.0692 0.1185 0.0692 0.1185 0.0692 0.1185 0.0692 0.1185 0.0692 0.1185 0.0692 0.1185 0.0692 0.1185 0.0692 0.0858 0.8819 0.0858 0.8819 0.0858 0.8819 0.0858 0.8819 0.0858 0.8819 0.0858 0.8819 0.0858 0.8819 0.0858 0.8819 0.0858 0.8819 0.0858 0.8819 0.0858 0.8819 0.0858 0.8819 0.0858 0.8819 0.0858 0.8819 0.0858 0.8819 0.0858 0.8819 0.0858 0.8819 0.0858 0.8819 0.0858 0.8819 0.0858 0.8819 0.0858 0.8819 0.0858 0.8819 0.0858 0.8819 0.0858 0.8819 0.0858 0.8819 0.0858 0.8819 0.0858 0.8819 0.0858 0.8819 0.0858 0.8819 0.0858 0.8819 0.0858 0.8819 0.0858 0.8819 0.0858 0.8819 0.1185 0.0692 0.1185 0.0692 0.1185 0.0692 0.1185 0.0692 0.1185 0.0692 0.1185 0.0692 0.1185 0.0692 0.1185 0.0692 0.1185 0.0692 0.1185 0.0692 0.1185 0.0692 0.1185 0.0692 0.1185 0.0692 0.1185 0.0692 0.1185 0.0692 0.1185 0.0692 0.1185 0.0692 0.1185 0.0692 0.1185 0.0692 0.1185 0.0692 0.1185 0.0692 0.2108 0.1162 0.2108 0.1162 0.2108 0.1162 0.1185 0.0692 0.1185 0.0692 0.1185 0.0692 0.2108 0.1162 0.2108 0.1162 0.2108 0.1162 0.1185 0.0692 0.1185 0.0692 0.1185 0.0692 0.1185 0.0692 0.1185 0.0692 0.1185 0.0692 0.1185 0.0692 0.1185 0.0692 0.1185 0.0692 0.1185 0.0692 0.1185 0.0692 0.1185 0.0692 0.1185 0.0692 0.1185 0.0692 0.1185 0.0692 0.0858 0.8819 0.0858 0.8819 0.0858 0.8819 0.0858 0.8819 0.0858 0.8819 0.0858 0.8819 0.0858 0.8819 0.0858 0.8819 0.0858 0.8819 0.0858 0.8819 0.0858 0.8819 0.0858 0.8819 0.0858 0.8819 0.0858 0.8819 0.0858 0.8819 0.0858 0.8819 0.0858 0.8819 0.0858 0.8819 0.0858 0.8819 0.0858 0.8819 0.0858 0.8819 0.0858 0.8819 0.0858 0.8819 0.0858 0.8819 0.0858 0.8819 0.0858 0.8819 0.0858 0.8819 0.0858 0.8819 0.0858 0.8819 0.0858 0.8819 0.0858 0.8819 0.0858 0.8819 0.0858 0.8819 0.1185 0.0692 0.1185 0.0692 0.1185 0.0692 0.1185 0.0692 0.1185 0.0692 0.1185 0.0692 0.1185 0.0692 0.1185 0.0692 0.1185 0.0692 0.1185 0.0692 0.1185 0.0692 0.1185 0.0692 0.1185 0.0692 0.1185 0.0692 0.1185 0.0692 0.1185 0.0692 0.1185 0.0692 0.1185 0.0692 0.1185 0.0692 0.1185 0.0692 0.1185 0.0692 0.2108 0.1162 0.2108 0.1162 0.2108 0.1162 0.1185 0.0692 0.1185 0.0692 0.1185 0.0692 0.2108 0.1162 0.2108 0.1162 0.2108 0.1162 0.1185 0.0692 0.1185 0.0692 0.1185 0.0692 0.1185 0.0692 0.1185 0.0692 0.1185 0.0692 0.1185 0.0692 0.1185 0.0692 0.1185 0.0692 0.1185 0.0692 0.1185 0.0692 0.1185 0.0692 0.1185 0.0692 0.1185 0.0692 0.1185 0.0692 0.0858 0.8819 0.0858 0.8819 0.0858 0.8819 0.0858 0.8819 0.0858 0.8819 0.0858 0.8819 0.0858 0.8819 0.0858 0.8819 0.0858 0.8819 0.0858 0.8819 0.0858 0.8819 0.0858 0.8819 0.0858 0.8819 0.0858 0.8819 0.0858 0.8819 0.0858 0.8819 0.0858 0.8819 0.0858 0.8819 0.0858 0.8819 0.0858 0.8819 0.0858 0.8819 0.0858 0.8819 0.0858 0.8819 0.0858 0.8819 0.0858 0.8819 0.0858 0.8819 0.0858 0.8819 0.0858 0.8819 0.0858 0.8819 0.0858 0.8819 0.0858 0.8819 0.0858 0.8819 0.0858 0.8819 0.0858 0.8819 0.0858 0.8819 0.0858 0.8819 0.1185 0.0692 0.1185 0.0692 0.1185 0.0692 0.1185 0.0692 0.1185 0.0692 0.1185 0.0692 0.1185 0.0692 0.1185 0.0692 0.1185 0.0692 0.1185 0.0692 0.1185 0.0692 0.1185 0.0692 0.1185 0.0692 0.1185 0.0692 0.1185 0.0692 0.1185 0.0692 0.1185 0.0692 0.1185 0.0692 0.1185 0.0692 0.1185 0.0692 0.1185 0.0692 0.2108 0.1162 0.2108 0.1162 0.2108 0.1162 0.1185 0.0692 0.1185 0.0692 0.1185 0.0692 0.2108 0.1162 0.2108 0.1162 0.2108 0.1162 0.1185 0.0692 0.1185 0.0692 0.1185 0.0692 0.1185 0.0692 0.1185 0.0692 0.1185 0.0692 0.1185 0.0692 0.1185 0.0692 0.1185 0.0692 0.1185 0.0692 0.1185 0.0692 0.1185 0.0692 0.1185 0.0692 0.1185 0.0692 0.1185 0.0692 0.0858 0.8819 0.0858 0.8819 0.0858 0.8819 0.0858 0.8819 0.0858 0.8819 0.0858 0.8819 0.0858 0.8819 0.0858 0.8819 0.0858 0.8819 0.0858 0.8819 0.0858 0.8819 0.0858 0.8819 0.0858 0.8819 0.0858 0.8819 0.0858 0.8819 0.0858 0.8819 0.0858 0.8819 0.0858 0.8819 0.0858 0.8819 0.0858 0.8819 0.0858 0.8819 0.0858 0.8819 0.0858 0.8819 0.0858 0.8819 0.0858 0.8819 0.0858 0.8819 0.0858 0.8819 0.1185 0.0692 0.1185 0.0692 0.1185 0.0692 0.1185 0.0692 0.1185 0.0692 0.1185 0.0692 0.1185 0.0692 0.1185 0.0692 0.1185 0.0692 0.1185 0.0692 0.1185 0.0692 0.1185 0.0692 0.1185 0.0692 0.1185 0.0692 0.1185 0.0692 0.1185 0.0692 0.1185 0.0692 0.1185 0.0692 0.1185 0.0692 0.1185 0.0692 0.1185 0.0692 0.1185 0.0692 0.1185 0.0692 0.1185 0.0692 0.1185 0.0692 0.1185 0.0692 0.1185 0.0692 0.1185 0.0692 0.1185 0.0692 0.1185 0.0692 0.2108 0.1162 0.2108 0.1162 0.2108 0.1162 0.1185 0.0692 0.1185 0.0692 0.1185 0.0692 0.2108 0.1162 0.2108 0.1162 0.2108 0.1162 0.1185 0.0692 0.1185 0.0692 0.1185 0.0692 0.1185 0.0692 0.1185 0.0692 0.1185 0.0692 0.1185 0.0692 0.1185 0.0692 0.1185 0.0692 0.1185 0.0692 0.1185 0.0692 0.1185 0.0692 0.1185 0.0692 0.1185 0.0692 0.1185 0.0692 0.1185 0.0692 0.1185 0.0692 0.1185 0.0692 0.0858 0.8819 0.0858 0.8819 0.0858 0.8819 0.0858 0.8819 0.0858 0.8819 0.0858 0.8819 0.0858 0.8819 0.0858 0.8819 0.0858 0.8819 0.1185 0.0692 0.1185 0.0692 0.1185 0.0692 0.0858 0.8819 0.0858 0.8819 0.0858 0.8819 0.0858 0.8819 0.0858 0.8819 0.0858 0.8819 0.0858 0.8819 0.0858 0.8819 0.0858 0.8819 0.0858 0.8819 0.0858 0.8819 0.0858 0.8819 0.0858 0.8819 0.0858 0.8819 0.0858 0.8819 0.0858 0.8819 0.0858 0.8819 0.0858 0.8819 0.0858 0.8819 0.0858 0.8819 0.0858 0.8819 0.0858 0.8819 0.0858 0.8819 0.0858 0.8819 0.0858 0.8819 0.0858 0.8819 0.0858 0.8819 0.0858 0.8819 0.0858 0.8819 0.0858 0.8819 0.0858 0.8819 0.0858 0.8819 0.0858 0.8819 0.0858 0.8819 0.0858 0.8819 0.0858 0.8819 0.0858 0.8819 0.0858 0.8819 0.0858 0.8819 0.0858 0.8819 0.0858 0.8819 0.0858 0.8819 0.0858 0.8819 0.0858 0.8819 0.0858 0.8819 0.0858 0.8819 0.0858 0.8819 0.0858 0.8819 0.1185 0.0692 0.1185 0.0692 0.1185 0.0692 0.1185 0.0692 0.1185 0.0692 0.1185 0.0692 0.1185 0.0692 0.1185 0.0692 0.1185 0.0692 0.1185 0.0692 0.1185 0.0692 0.1185 0.0692 0.1185 0.0692 0.1185 0.0692 0.1185 0.0692 0.1185 0.0692 0.1185 0.0692 0.1185 0.0692 0.1185 0.0692 0.1185 0.0692 0.1185 0.0692 0.1185 0.0692 0.1185 0.0692 0.1185 0.0692 0.2108 0.1162 0.2108 0.1162 0.2108 0.1162 0.2108 0.1162 0.2108 0.1162 0.2108 0.1162 0.1185 0.0692 0.1185 0.0692 0.1185 0.0692 0.1185 0.0692 0.1185 0.0692 0.1185 0.0692 0.1185 0.0692 0.1185 0.0692 0.1185 0.0692 0.1185 0.0692 0.1185 0.0692 0.1185 0.0692 0.1185 0.0692 0.1185 0.0692 0.1185 0.0692 0.0858 0.8819 0.0858 0.8819 0.0858 0.8819 0.1185 0.0692 0.1185 0.0692 0.1185 0.0692 0.0858 0.8819 0.0858 0.8819 0.0858 0.8819 0.0858 0.8819 0.0858 0.8819 0.0858 0.8819 0.0858 0.8819 0.0858 0.8819 0.0858 0.8819 0.0858 0.8819 0.0858 0.8819 0.0858 0.8819 0.0858 0.8819 0.0858 0.8819 0.0858 0.8819 0.0858 0.8819 0.0858 0.8819 0.0858 0.8819 0.0858 0.8819 0.0858 0.8819 0.0858 0.8819 0.0858 0.8819 0.0858 0.8819 0.0858 0.8819 0.0858 0.8819 0.0858 0.8819 0.0858 0.8819 0.0858 0.8819 0.0858 0.8819 0.0858 0.8819 0.0858 0.8819 0.0858 0.8819 0.0858 0.8819 0.0858 0.8819 0.0858 0.8819 0.0858 0.8819 0.0858 0.8819 0.0858 0.8819 0.0858 0.8819 0.0858 0.8819 0.0858 0.8819 0.0858 0.8819 0.1185 0.0692 0.1185 0.0692 0.1185 0.0692 0.0858 0.8819 0.0858 0.8819 0.0858 0.8819 0.1185 0.0692 0.1185 0.0692 0.1185 0.0692 0.1185 0.0692 0.1185 0.0692 0.1185 0.0692 0.1185 0.0692 0.1185 0.0692 0.1185 0.0692 0.1185 0.0692 0.1185 0.0692 0.1185 0.0692 0.1185 0.0692 0.1185 0.0692 0.1185 0.0692 0.1185 0.0692 0.1185 0.0692 0.1185 0.0692 0.1185 0.0692 0.1185 0.0692 0.1185 0.0692 0.1185 0.0692 0.1185 0.0692 0.1185 0.0692 0.1185 0.0692 0.1185 0.0692 0.1185 0.0692 0.2108 0.1162 0.2108 0.1162 0.2108 0.1162 0.1185 0.0692 0.1185 0.0692 0.1185 0.0692 0.1185 0.0692 0.1185 0.0692 0.1185 0.0692 0.2108 0.1162 0.2108 0.1162 0.2108 0.1162 0.1185 0.0692 0.1185 0.0692 0.1185 0.0692 0.1185 0.0692 0.1185 0.0692 0.1185 0.0692 0.1185 0.0692 0.1185 0.0692 0.1185 0.0692 0.1185 0.0692 0.1185 0.0692 0.1185 0.0692 0.1185 0.0692 0.1185 0.0692 0.1185 0.0692 0.0858 0.8819 0.0858 0.8819 0.0858 0.8819 0.0858 0.8819 0.0858 0.8819 0.0858 0.8819 0.0858 0.8819 0.0858 0.8819 0.0858 0.8819 0.1185 0.0692 0.1185 0.0692 0.1185 0.0692 0.0858 0.8819 0.0858 0.8819 0.0858 0.8819 0.0858 0.8819 0.0858 0.8819 0.0858 0.8819 0.0858 0.8819 0.0858 0.8819 0.0858 0.8819 0.0858 0.8819 0.0858 0.8819 0.0858 0.8819 0.0858 0.8819 0.0858 0.8819 0.0858 0.8819 0.0858 0.8819 0.0858 0.8819 0.0858 0.8819 0.0858 0.8819 0.0858 0.8819 0.0858 0.8819 0.0858 0.8819 0.0858 0.8819 0.0858 0.8819 0.0858 0.8819 0.0858 0.8819 0.0858 0.8819 0.0858 0.8819 0.0858 0.8819 0.0858 0.8819 0.0858 0.8819 0.0858 0.8819 0.0858 0.8819 0.0858 0.8819 0.0858 0.8819 0.0858 0.8819 0.0858 0.8819 0.0858 0.8819 0.0858 0.8819 0.0858 0.8819 0.0858 0.8819 0.0858 0.8819 0.0858 0.8819 0.0858 0.8819 0.0858 0.8819 0.0858 0.8819 0.0858 0.8819 0.0858 0.8819 0.1185 0.0692 0.1185 0.0692 0.1185 0.0692 0.1185 0.0692 0.1185 0.0692 0.1185 0.0692 0.1185 0.0692 0.1185 0.0692 0.1185 0.0692 0.1185 0.0692 0.1185 0.0692 0.1185 0.0692 0.1185 0.0692 0.1185 0.0692 0.1185 0.0692 0.1185 0.0692 0.1185 0.0692 0.1185 0.0692 0.1185 0.0692 0.1185 0.0692 0.1185 0.0692 0.2108 0.1162 0.2108 0.1162 0.2108 0.1162 0.2108 0.1162 0.2108 0.1162 0.2108 0.1162 0.1185 0.0692 0.1185 0.0692 0.1185 0.0692 0.1185 0.0692 0.1185 0.0692 0.1185 0.0692 0.1185 0.0692 0.1185 0.0692 0.1185 0.0692 0.1185 0.0692 0.1185 0.0692 0.1185 0.0692 0.1185 0.0692 0.1185 0.0692 0.1185 0.0692 0.1185 0.0692 0.1185 0.0692 0.1185 0.0692 0.1185 0.0692 0.1185 0.0692 0.1185 0.0692 0.0858 0.8819 0.0858 0.8819 0.0858 0.8819 0.0858 0.8819 0.0858 0.8819 0.0858 0.8819 0.0858 0.8819 0.0858 0.8819 0.0858 0.8819 0.0858 0.8819 0.0858 0.8819 0.0858 0.8819 0.0858 0.8819 0.0858 0.8819 0.0858 0.8819 0.0858 0.8819 0.0858 0.8819 0.0858 0.8819 0.0858 0.8819 0.0858 0.8819 0.0858 0.8819 0.0858 0.8819 0.0858 0.8819 0.0858 0.8819 0.0858 0.8819 0.0858 0.8819 0.0858 0.8819 0.0858 0.8819 0.0858 0.8819 0.0858 0.8819 0.0858 0.8819 0.0858 0.8819 0.0858 0.8819 0.0858 0.8819 0.0858 0.8819 0.0858 0.8819 0.0858 0.8819 0.0858 0.8819 0.0858 0.8819 0.0858 0.8819 0.0858 0.8819 0.0858 0.8819 0.0858 0.8819 0.0858 0.8819 0.0858 0.8819 0.0858 0.8819 0.0858 0.8819 0.0858 0.8819 0.0858 0.8819 0.0858 0.8819 0.0858 0.8819 0.0858 0.8819 0.0858 0.8819 0.0858 0.8819 0.0858 0.8819 0.0858 0.8819 0.0858 0.8819 0.0858 0.8819 0.0858 0.8819 0.0858 0.8819 0.0858 0.8819 0.0858 0.8819 0.0858 0.8819 0.0858 0.8819 0.0858 0.8819 0.0858 0.8819 0.0858 0.8819 0.0858 0.8819 0.0858 0.8819 0.0858 0.8819 0.0858 0.8819 0.0858 0.8819 0.0858 0.8819 0.0858 0.8819 0.0858 0.8819 0.0858 0.8819 0.0858 0.8819 0.0858 0.8819 0.0858 0.8819 0.0858 0.8819 0.0858 0.8819 0.1174 0.0386 0.1174 0.0386 0.1174 0.0386 0.0858 0.8819 0.0858 0.8819 0.0858 0.8819 0.1174 0.0386 0.1174 0.0386 0.1174 0.0386 0.0858 0.8819 0.0858 0.8819 0.0858 0.8819 0.0858 0.8819 0.0858 0.8819 0.0858 0.8819 0.1174 0.0386 0.1174 0.0386 0.1174 0.0386 0.0858 0.8819 0.0858 0.8819 0.0858 0.8819 0.0858 0.8819 0.0858 0.8819 0.0858 0.8819 0.0858 0.8819 0.0858 0.8819 0.0858 0.8819 0.0858 0.8819 0.0858 0.8819 0.0858 0.8819 0.0858 0.8819 0.0858 0.8819 0.0858 0.8819 0.0858 0.8819 0.0858 0.8819 0.0858 0.8819 0.0858 0.8819 0.0858 0.8819 0.0858 0.8819 0.0858 0.8819 0.0858 0.8819 0.0858 0.8819 0.0858 0.8819 0.0858 0.8819 0.0858 0.8819 0.0858 0.8819 0.0858 0.8819 0.0858 0.8819 0.0858 0.8819 0.0858 0.8819 0.0858 0.8819 0.0858 0.8819 0.0858 0.8819 0.0858 0.8819 0.0858 0.8819 0.0858 0.8819 0.0858 0.8819 0.1185 0.0692 0.1185 0.0692 0.1185 0.0692 0.1185 0.0692 0.1185 0.0692 0.1185 0.0692 0.1185 0.0692 0.1185 0.0692 0.1185 0.0692 0.1185 0.0692 0.1185 0.0692 0.1185 0.0692 0.1185 0.0692 0.1185 0.0692 0.1185 0.0692 0.1185 0.0692 0.1185 0.0692 0.1185 0.0692 0.1185 0.0692 0.1185 0.0692 0.1185 0.0692 0.1185 0.0692 0.1185 0.0692 0.1185 0.0692 0.1185 0.0692 0.1185 0.0692 0.1185 0.0692 0.2108 0.1162 0.2108 0.1162 0.2108 0.1162 0.1185 0.0692 0.1185 0.0692 0.1185 0.0692 0.1185 0.0692 0.1185 0.0692 0.1185 0.0692 0.1185 0.0692 0.1185 0.0692 0.1185 0.0692 0.2108 0.1162 0.2108 0.1162 0.2108 0.1162 0.1185 0.0692 0.1185 0.0692 0.1185 0.0692 0.1185 0.0692 0.1185 0.0692 0.1185 0.0692 0.0858 0.8819 0.0858 0.8819 0.0858 0.8819 0.1185 0.0692 0.1185 0.0692 0.1185 0.0692 0.0858 0.8819 0.0858 0.8819 0.0858 0.8819 0.1185 0.0692 0.1185 0.0692 0.1185 0.0692 0.1185 0.0692 0.1185 0.0692 0.1185 0.0692 0.1185 0.0692 0.1185 0.0692 0.1185 0.0692 0.0858 0.8819 0.0858 0.8819 0.0858 0.8819 0.0858 0.8819 0.0858 0.8819 0.0858 0.8819 0.0858 0.8819 0.0858 0.8819 0.0858 0.8819 0.0858 0.8819 0.0858 0.8819 0.0858 0.8819 0.0858 0.8819 0.0858 0.8819 0.0858 0.8819 0.0858 0.8819 0.0858 0.8819 0.0858 0.8819 0.0858 0.8819 0.0858 0.8819 0.0858 0.8819 0.0858 0.8819 0.0858 0.8819 0.0858 0.8819 0.0858 0.8819 0.0858 0.8819 0.0858 0.8819 0.1185 0.0692 0.1185 0.0692 0.1185 0.0692 0.1185 0.0692 0.1185 0.0692 0.1185 0.0692 0.1185 0.0692 0.1185 0.0692 0.1185 0.0692 0.1185 0.0692 0.1185 0.0692 0.1185 0.0692 0.1185 0.0692 0.1185 0.0692 0.1185 0.0692 0.2108 0.1162 0.2108 0.1162 0.2108 0.1162 0.2108 0.1162 0.2108 0.1162 0.2108 0.1162 0.1185 0.0692 0.1185 0.0692 0.1185 0.0692 0.1185 0.0692 0.1185 0.0692 0.1185 0.0692 0.1185 0.0692 0.1185 0.0692 0.1185 0.0692 0.1185 0.0692 0.1185 0.0692 0.1185 0.0692 0.1185 0.0692 0.1185 0.0692 0.1185 0.0692 0.1185 0.0692 0.1185 0.0692 0.1185 0.0692 0.1185 0.0692 0.1185 0.0692 0.1185 0.0692 0.0858 0.8819 0.0858 0.8819 0.0858 0.8819 0.1185 0.0692 0.1185 0.0692 0.1185 0.0692 0.0858 0.8819 0.0858 0.8819 0.0858 0.8819 0.0858 0.8819 0.0858 0.8819 0.0858 0.8819 0.0858 0.8819 0.0858 0.8819 0.0858 0.8819 0.0858 0.8819 0.0858 0.8819 0.0858 0.8819 0.0858 0.8819 0.0858 0.8819 0.0858 0.8819 0.0858 0.8819 0.0858 0.8819 0.0858 0.8819 0.0858 0.8819 0.0858 0.8819 0.0858 0.8819 0.0858 0.8819 0.0858 0.8819 0.0858 0.8819 0.0858 0.8819 0.0858 0.8819 0.0858 0.8819 0.1185 0.0692 0.1185 0.0692 0.1185 0.0692 0.0858 0.8819 0.0858 0.8819 0.0858 0.8819 0.0858 0.8819 0.0858 0.8819 0.0858 0.8819 0.0858 0.8819 0.0858 0.8819 0.0858 0.8819 0.0858 0.8819 0.0858 0.8819 0.0858 0.8819 0.0858 0.8819 0.0858 0.8819 0.0858 0.8819 0.0858 0.8819 0.0858 0.8819 0.0858 0.8819 0.0858 0.8819 0.0858 0.8819 0.0858 0.8819 0.0858 0.8819 0.0858 0.8819 0.0858 0.8819 0.0858 0.8819 0.0858 0.8819 0.0858 0.8819 0.0858 0.8819 0.0858 0.8819 0.0858 0.8819 0.0858 0.8819 0.0858 0.8819 0.0858 0.8819 0.0858 0.8819 0.0858 0.8819 0.0858 0.8819 0.0858 0.8819 0.0858 0.8819 0.0858 0.8819 0.0858 0.8819 0.0858 0.8819 0.0858 0.8819 0.0858 0.8819 0.0858 0.8819 0.0858 0.8819 0.0858 0.8819 0.0858 0.8819 0.0858 0.8819 0.0858 0.8819 0.0858 0.8819 0.0858 0.8819 0.1185 0.0692 0.1185 0.0692 0.1185 0.0692 0.1185 0.0692 0.1185 0.0692 0.1185 0.0692 0.1185 0.0692 0.1185 0.0692 0.1185 0.0692 0.1185 0.0692 0.1185 0.0692 0.1185 0.0692 0.1185 0.0692 0.1185 0.0692 0.1185 0.0692 0.1185 0.0692 0.1185 0.0692 0.1185 0.0692 0.1185 0.0692 0.1185 0.0692 0.1185 0.0692 0.1185 0.0692 0.1185 0.0692 0.1185 0.0692 0.1185 0.0692 0.1185 0.0692 0.1185 0.0692 0.2108 0.1162 0.2108 0.1162 0.2108 0.1162 0.1185 0.0692 0.1185 0.0692 0.1185 0.0692 0.2108 0.1162 0.2108 0.1162 0.2108 0.1162 0.1185 0.0692 0.1185 0.0692 0.1185 0.0692 0.1185 0.0692 0.1185 0.0692 0.1185 0.0692 0.1185 0.0692 0.1185 0.0692 0.1185 0.0692 0.1185 0.0692 0.1185 0.0692 0.1185 0.0692 0.1185 0.0692 0.1185 0.0692 0.1185 0.0692 0.1185 0.0692 0.1185 0.0692 0.1185 0.0692 0.0858 0.8819 0.0858 0.8819 0.0858 0.8819 0.0858 0.8819 0.0858 0.8819 0.0858 0.8819 0.0858 0.8819 0.0858 0.8819 0.0858 0.8819 0.1185 0.0692 0.1185 0.0692 0.1185 0.0692 0.0858 0.8819 0.0858 0.8819 0.0858 0.8819 0.0858 0.8819 0.0858 0.8819 0.0858 0.8819 0.0858 0.8819 0.0858 0.8819 0.0858 0.8819 0.0858 0.8819 0.0858 0.8819 0.0858 0.8819 0.0858 0.8819 0.0858 0.8819 0.0858 0.8819 0.0858 0.8819 0.0858 0.8819 0.0858 0.8819 0.0858 0.8819 0.0858 0.8819 0.0858 0.8819 0.0858 0.8819 0.0858 0.8819 0.0858 0.8819 0.0858 0.8819 0.0858 0.8819 0.0858 0.8819 0.0858 0.8819 0.0858 0.8819 0.0858 0.8819 0.0858 0.8819 0.0858 0.8819 0.0858 0.8819 0.0858 0.8819 0.0858 0.8819 0.0858 0.8819 0.0858 0.8819 0.0858 0.8819 0.0858 0.8819 0.0858 0.8819 0.0858 0.8819 0.0858 0.8819 0.0858 0.8819 0.0858 0.8819 0.0858 0.8819 0.0858 0.8819 0.0858 0.8819 0.0858 0.8819 0.1185 0.0692 0.1185 0.0692 0.1185 0.0692 0.1185 0.0692 0.1185 0.0692 0.1185 0.0692 0.1185 0.0692 0.1185 0.0692 0.1185 0.0692 0.1185 0.0692 0.1185 0.0692 0.1185 0.0692 0.1185 0.0692 0.1185 0.0692 0.1185 0.0692 0.1185 0.0692 0.1185 0.0692 0.1185 0.0692 0.1185 0.0692 0.1185 0.0692 0.1185 0.0692 0.1185 0.0692 0.1185 0.0692 0.1185 0.0692 0.2108 0.1162 0.2108 0.1162 0.2108 0.1162 0.2108 0.1162 0.2108 0.1162 0.2108 0.1162 0.1185 0.0692 0.1185 0.0692 0.1185 0.0692 0.1185 0.0692 0.1185 0.0692 0.1185 0.0692 0.1185 0.0692 0.1185 0.0692 0.1185 0.0692 0.1185 0.0692 0.1185 0.0692 0.1185 0.0692 0.1185 0.0692 0.1185 0.0692 0.1185 0.0692 0.1185 0.0692 0.1185 0.0692 0.1185 0.0692 0.0858 0.8819 0.0858 0.8819 0.0858 0.8819 0.1185 0.0692 0.1185 0.0692 0.1185 0.0692 0.0858 0.8819 0.0858 0.8819 0.0858 0.8819 0.0858 0.8819 0.0858 0.8819 0.0858 0.8819 0.0858 0.8819 0.0858 0.8819 0.0858 0.8819 0.0858 0.8819 0.0858 0.8819 0.0858 0.8819 0.0858 0.8819 0.0858 0.8819 0.0858 0.8819 0.0858 0.8819 0.0858 0.8819 0.0858 0.8819 0.0858 0.8819 0.0858 0.8819 0.0858 0.8819 0.0858 0.8819 0.0858 0.8819 0.0858 0.8819 0.0858 0.8819 0.0858 0.8819 0.0858 0.8819 0.0858 0.8819 0.0858 0.8819 0.0858 0.8819 0.1185 0.0692 0.1185 0.0692 0.1185 0.0692 0.1185 0.0692 0.1185 0.0692 0.1185 0.0692 0.1185 0.0692 0.1185 0.0692 0.1185 0.0692 0.1185 0.0692 0.1185 0.0692 0.1185 0.0692 0.1185 0.0692 0.1185 0.0692 0.1185 0.0692 0.1185 0.0692 0.1185 0.0692 0.1185 0.0692 0.1185 0.0692 0.1185 0.0692 0.1185 0.0692 0.1185 0.0692 0.1185 0.0692 0.1185 0.0692 0.1185 0.0692 0.1185 0.0692 0.1185 0.0692 0.1185 0.0692 0.1185 0.0692 0.1185 0.0692 0.1185 0.0692 0.1185 0.0692 0.1185 0.0692 0.0858 0.8819 0.0858 0.8819 0.0858 0.8819 0.0858 0.8819 0.0858 0.8819 0.0858 0.8819 0.1185 0.0692 0.1185 0.0692 0.1185 0.0692 0.1185 0.0692 0.1185 0.0692 0.1185 0.0692 0.0858 0.8819 0.0858 0.8819 0.0858 0.8819 0.1185 0.0692 0.1185 0.0692 0.1185 0.0692 0.1185 0.0692 0.1185 0.0692 0.1185 0.0692 0.1185 0.0692 0.1185 0.0692 0.1185 0.0692 0.1185 0.0692 0.1185 0.0692 0.1185 0.0692 0.1185 0.0692 0.1185 0.0692 0.1185 0.0692 0.2108 0.1162 0.2108 0.1162 0.2108 0.1162 0.1185 0.0692 0.1185 0.0692 0.1185 0.0692 0.2108 0.1162 0.2108 0.1162 0.2108 0.1162 0.1185 0.0692 0.1185 0.0692 0.1185 0.0692 0.1185 0.0692 0.1185 0.0692 0.1185 0.0692 0.1185 0.0692 0.1185 0.0692 0.1185 0.0692 0.1185 0.0692 0.1185 0.0692 0.1185 0.0692 0.1185 0.0692 0.1185 0.0692 0.1185 0.0692 0.2108 0.1162 0.2108 0.1162 0.2108 0.1162 0.2108 0.1162 0.2108 0.1162 0.2108 0.1162 0.1185 0.0692 0.1185 0.0692 0.1185 0.0692 0.1185 0.0692 0.1185 0.0692 0.1185 0.0692 0.1185 0.0692 0.1185 0.0692 0.1185 0.0692 0.1185 0.0692 0.1185 0.0692 0.1185 0.0692 0.1185 0.0692 0.1185 0.0692 0.1185 0.0692 0.1185 0.0692 0.1185 0.0692 0.1185 0.0692 0.1185 0.0692 0.1185 0.0692 0.1185 0.0692 0.0858 0.8819 0.0858 0.8819 0.0858 0.8819 0.0858 0.8819 0.0858 0.8819 0.0858 0.8819 0.0858 0.8819 0.0858 0.8819 0.0858 0.8819 0.1185 0.0692 0.1185 0.0692 0.1185 0.0692 0.0858 0.8819 0.0858 0.8819 0.0858 0.8819 0.0858 0.8819 0.0858 0.8819 0.0858 0.8819 0.0858 0.8819 0.0858 0.8819 0.0858 0.8819 0.0858 0.8819 0.0858 0.8819 0.0858 0.8819 0.0858 0.8819 0.0858 0.8819 0.0858 0.8819 0.0858 0.8819 0.0858 0.8819 0.0858 0.8819 0.0858 0.8819 0.0858 0.8819 0.0858 0.8819 0.0858 0.8819 0.0858 0.8819 0.0858 0.8819 0.0858 0.8819 0.0858 0.8819 0.0858 0.8819 0.0858 0.8819 0.0858 0.8819 0.0858 0.8819 0.0858 0.8819 0.0858 0.8819 0.0858 0.8819 0.0858 0.8819 0.0858 0.8819 0.0858 0.8819 0.1185 0.0692 0.1185 0.0692 0.1185 0.0692 0.1185 0.0692 0.1185 0.0692 0.1185 0.0692 0.1185 0.0692 0.1185 0.0692 0.1185 0.0692 0.1185 0.0692 0.1185 0.0692 0.1185 0.0692 0.1185 0.0692 0.1185 0.0692 0.1185 0.0692 0.1185 0.0692 0.1185 0.0692 0.1185 0.0692 0.1185 0.0692 0.1185 0.0692 0.1185 0.0692 0.1185 0.0692 0.1185 0.0692 0.1185 0.0692 0.2108 0.1162 0.2108 0.1162 0.2108 0.1162 0.2108 0.1162 0.2108 0.1162 0.2108 0.1162 0.1185 0.0692 0.1185 0.0692 0.1185 0.0692 0.1185 0.0692 0.1185 0.0692 0.1185 0.0692 0.1185 0.0692 0.1185 0.0692 0.1185 0.0692 0.1185 0.0692 0.1185 0.0692 0.1185 0.0692 0.1185 0.0692 0.1185 0.0692 0.1185 0.0692 0.0858 0.8819 0.0858 0.8819 0.0858 0.8819 0.0858 0.8819 0.0858 0.8819 0.0858 0.8819 0.0858 0.8819 0.0858 0.8819 0.0858 0.8819 0.0858 0.8819 0.0858 0.8819 0.0858 0.8819 0.0858 0.8819 0.0858 0.8819 0.0858 0.8819 0.0858 0.8819 0.0858 0.8819 0.0858 0.8819 0.1185 0.0692 0.1185 0.0692 0.1185 0.0692 0.1185 0.0692 0.1185 0.0692 0.1185 0.0692 0.1185 0.0692 0.1185 0.0692 0.1185 0.0692 0.1185 0.0692 0.1185 0.0692 0.1185 0.0692 0.1185 0.0692 0.1185 0.0692 0.1185 0.0692 0.1185 0.0692 0.1185 0.0692 0.1185 0.0692 0.1185 0.0692 0.1185 0.0692 0.1185 0.0692 0.2108 0.1162 0.2108 0.1162 0.2108 0.1162 0.2108 0.1162 0.2108 0.1162 0.2108 0.1162 0.1185 0.0692 0.1185 0.0692 0.1185 0.0692 0.1185 0.0692 0.1185 0.0692 0.1185 0.0692 0.1185 0.0692 0.1185 0.0692 0.1185 0.0692 0.1185 0.0692 0.1185 0.0692 0.1185 0.0692 0.1185 0.0692 0.1185 0.0692 0.1185 0.0692 0.1185 0.0692 0.1185 0.0692 0.1185 0.0692 0.0858 0.8819 0.0858 0.8819 0.0858 0.8819 0.1185 0.0692 0.1185 0.0692 0.1185 0.0692 0.0858 0.8819 0.0858 0.8819 0.0858 0.8819 0.0858 0.8819 0.0858 0.8819 0.0858 0.8819 0.0858 0.8819 0.0858 0.8819 0.0858 0.8819 0.0858 0.8819 0.0858 0.8819 0.0858 0.8819 0.0858 0.8819 0.0858 0.8819 0.0858 0.8819 0.1185 0.0692 0.1185 0.0692 0.1185 0.0692 0.1185 0.0692 0.1185 0.0692 0.1185 0.0692 0.1185 0.0692 0.1185 0.0692 0.1185 0.0692 0.1185 0.0692 0.1185 0.0692 0.1185 0.0692 0.1185 0.0692 0.1185 0.0692 0.1185 0.0692 0.1185 0.0692 0.1185 0.0692 0.1185 0.0692 0.1185 0.0692 0.1185 0.0692 0.1185 0.0692 0.2108 0.1162 0.2108 0.1162 0.2108 0.1162 0.2108 0.1162 0.2108 0.1162 0.2108 0.1162 0.1185 0.0692 0.1185 0.0692 0.1185 0.0692 0.1185 0.0692 0.1185 0.0692 0.1185 0.0692 0.1185 0.0692 0.1185 0.0692 0.1185 0.0692 0.1185 0.0692 0.1185 0.0692 0.1185 0.0692 0.1185 0.0692 0.1185 0.0692 0.1185 0.0692 0.1185 0.0692 0.1185 0.0692 0.1185 0.0692 0.0858 0.8819 0.0858 0.8819 0.0858 0.8819 0.0858 0.8819 0.0858 0.8819 0.0858 0.8819 0.0858 0.8819 0.0858 0.8819 0.0858 0.8819 0.0858 0.8819 0.0858 0.8819 0.0858 0.8819 0.0858 0.8819 0.0858 0.8819 0.0858 0.8819 0.0858 0.8819 0.0858 0.8819 0.0858 0.8819 0.0858 0.8819 0.0858 0.8819 0.0858 0.8819 0.0858 0.8819 0.0858 0.8819 0.0858 0.8819 0.0858 0.8819 0.0858 0.8819 0.0858 0.8819 0.0858 0.8819 0.0858 0.8819 0.0858 0.8819 0.0858 0.8819 0.0858 0.8819 0.0858 0.8819 0.0858 0.8819 0.0858 0.8819 0.0858 0.8819 0.0858 0.8819 0.0858 0.8819 0.0858 0.8819 0.1185 0.0692 0.1185 0.0692 0.1185 0.0692 0.1185 0.0692 0.1185 0.0692 0.1185 0.0692 0.1185 0.0692 0.1185 0.0692 0.1185 0.0692 0.1185 0.0692 0.1185 0.0692 0.1185 0.0692 0.1185 0.0692 0.1185 0.0692 0.1185 0.0692 0.1185 0.0692 0.1185 0.0692 0.1185 0.0692 0.1185 0.0692 0.1185 0.0692 0.1185 0.0692 0.1185 0.0692 0.1185 0.0692 0.1185 0.0692 0.2108 0.1162 0.2108 0.1162 0.2108 0.1162 0.2108 0.1162 0.2108 0.1162 0.2108 0.1162 0.1185 0.0692 0.1185 0.0692 0.1185 0.0692 0.1185 0.0692 0.1185 0.0692 0.1185 0.0692 0.1185 0.0692 0.1185 0.0692 0.1185 0.0692 0.1185 0.0692 0.1185 0.0692 0.1185 0.0692 0.1185 0.0692 0.1185 0.0692 0.1185 0.0692 0.1185 0.0692 0.1185 0.0692 0.1185 0.0692 0.0858 0.8819 0.0858 0.8819 0.0858 0.8819 0.0858 0.8819 0.0858 0.8819 0.0858 0.8819 0.0858 0.8819 0.0858 0.8819 0.0858 0.8819 0.0858 0.8819 0.0858 0.8819 0.0858 0.8819 0.0858 0.8819 0.0858 0.8819 0.0858 0.8819 0.0858 0.8819 0.0858 0.8819 0.0858 0.8819 0.0858 0.8819 0.0858 0.8819 0.0858 0.8819 0.0858 0.8819 0.0858 0.8819 0.0858 0.8819 0.0858 0.8819 0.0858 0.8819 0.0858 0.8819 0.0858 0.8819 0.0858 0.8819 0.0858 0.8819 0.1185 0.0692 0.1185 0.0692 0.1185 0.0692 0.0858 0.8819 0.0858 0.8819 0.0858 0.8819 0.1185 0.0692 0.1185 0.0692 0.1185 0.0692 0.1185 0.0692 0.1185 0.0692 0.1185 0.0692 0.1185 0.0692 0.1185 0.0692 0.1185 0.0692 0.1185 0.0692 0.1185 0.0692 0.1185 0.0692 0.1185 0.0692 0.1185 0.0692 0.1185 0.0692 0.1185 0.0692 0.1185 0.0692 0.1185 0.0692 0.1185 0.0692 0.1185 0.0692 0.1185 0.0692 0.2108 0.1162 0.2108 0.1162 0.2108 0.1162 0.2108 0.1162 0.2108 0.1162 0.2108 0.1162 0.1185 0.0692 0.1185 0.0692 0.1185 0.0692 0.1185 0.0692 0.1185 0.0692 0.1185 0.0692 0.1185 0.0692 0.1185 0.0692 0.1185 0.0692 0.1185 0.0692 0.1185 0.0692 0.1185 0.0692 0.1185 0.0692 0.1185 0.0692 0.1185 0.0692 0.1185 0.0692 0.1185 0.0692 0.1185 0.0692 " />
						</IndexedFaceSet>
					</Shape>
				</Group>
			</Transform>
		</Transform>
		<Transform DEF="Demo_Set_031_TRANSFORM"
		           translation="-159.639313 0.000000 -6.865887"
		           scale="1.000000 1.000000 1.000000"
		           rotation="-0.577350 -0.577350 -0.577350 2.094395"
		           >
			<Transform DEF="Demo_Set_031_ifs_TRANSFORM"
			           translation="0.000000 0.000000 0.000000"
			           scale="1.000000 1.000000 1.000000"
			           rotation="0.000000 1.000000 0.000000 0.000000"
			           >
				<Group DEF="group_ME_Cube_031">
					<Shape>
						<Appearance>
							<Material USE="MA_Color_Palette" />
						</Appearance>
						<IndexedFaceSet solid="true"
						                texCoordIndex="0 1 2 -1 3 4 5 -1 6 7 8 -1 9 10 11 -1 12 13 14 -1 15 16 17 -1 18 19 20 -1 21 22 23 -1 24 25 26 -1 27 28 29 -1 30 31 32 -1 33 34 35 -1 "
						                coordIndex="5 0 1 -1 2 1 0 -1 4 2 0 -1 5 3 0 -1 4 0 3 -1 7 5 1 -1 7 6 5 -1 6 3 5 -1 7 2 4 -1 2 7 1 -1 7 4 6 -1 6 4 3 -1 "
						                >
							<Coordinate DEF="coords_ME_Cube_031"
							            point="58.069481 -35.401329 0.000000 58.369484 -35.401329 0.000000 58.069481 -35.401329 15.999999 58.069481 -35.701332 0.000000 58.069481 -35.701332 15.999999 58.369484 -35.701332 0.000000 58.369484 -35.701332 15.999999 58.369484 -35.401329 15.999999 "
							            />
							<TextureCoordinate point="0.1174 0.0386 0.1174 0.0386 0.1174 0.0386 0.1174 0.0386 0.1174 0.0386 0.1174 0.0386 0.1174 0.0386 0.1174 0.0386 0.1174 0.0386 0.1174 0.0386 0.1174 0.0386 0.1174 0.0386 0.1174 0.0386 0.1174 0.0386 0.1174 0.0386 0.1174 0.0386 0.1174 0.0386 0.1174 0.0386 0.1174 0.0386 0.1174 0.0386 0.1174 0.0386 0.1174 0.0386 0.1174 0.0386 0.1174 0.0386 0.1174 0.0386 0.1174 0.0386 0.1174 0.0386 0.1174 0.0386 0.1174 0.0386 0.1174 0.0386 0.1174 0.0386 0.1174 0.0386 0.1174 0.0386 0.1174 0.0386 0.1174 0.0386 0.1174 0.0386 " />
						</IndexedFaceSet>
					</Shape>
				</Group>
			</Transform>
		</Transform>
		<Transform DEF="Demo_Set_032_TRANSFORM"
		           translation="-159.639313 0.000000 -6.865887"
		           scale="1.000000 1.000000 1.000000"
		           rotation="-0.577350 -0.577350 -0.577350 2.094395"
		           >
			<Transform DEF="Demo_Set_032_ifs_TRANSFORM"
			           translation="0.000000 0.000000 0.000000"
			           scale="1.000000 1.000000 1.000000"
			           rotation="0.000000 1.000000 0.000000 0.000000"
			           >
				<Group DEF="group_ME_Cube_032">
					<Shape>
						<Appearance>
							<Material USE="MA_Color_Palette" />
						</Appearance>
						<IndexedFaceSet solid="true"
						                texCoordIndex="0 1 2 -1 3 4 5 -1 6 7 8 -1 9 10 11 -1 12 13 14 -1 15 16 17 -1 18 19 20 -1 21 22 23 -1 24 25 26 -1 27 28 29 -1 30 31 32 -1 33 34 35 -1 "
						                coordIndex="5 1 0 -1 2 0 1 -1 4 0 2 -1 5 0 3 -1 4 3 0 -1 7 1 5 -1 7 5 6 -1 6 5 3 -1 7 4 2 -1 2 1 7 -1 7 6 4 -1 6 3 4 -1 "
						                >
							<Coordinate DEF="coords_ME_Cube_032"
							            point="58.069481 -23.701330 0.000000 58.369484 -23.701330 0.000000 58.069481 -23.701330 15.999998 58.069481 -23.401331 0.000000 58.069481 -23.401331 15.999998 58.369484 -23.401331 0.000000 58.369484 -23.401331 15.999998 58.369484 -23.701330 15.999998 "
							            />
							<TextureCoordinate point="0.1174 0.0386 0.1174 0.0386 0.1174 0.0386 0.1174 0.0386 0.1174 0.0386 0.1174 0.0386 0.1174 0.0386 0.1174 0.0386 0.1174 0.0386 0.1174 0.0386 0.1174 0.0386 0.1174 0.0386 0.1174 0.0386 0.1174 0.0386 0.1174 0.0386 0.1174 0.0386 0.1174 0.0386 0.1174 0.0386 0.1174 0.0386 0.1174 0.0386 0.1174 0.0386 0.1174 0.0386 0.1174 0.0386 0.1174 0.0386 0.1174 0.0386 0.1174 0.0386 0.1174 0.0386 0.1174 0.0386 0.1174 0.0386 0.1174 0.0386 0.1174 0.0386 0.1174 0.0386 0.1174 0.0386 0.1174 0.0386 0.1174 0.0386 0.1174 0.0386 " />
						</IndexedFaceSet>
					</Shape>
				</Group>
			</Transform>
		</Transform>
		<Transform DEF="Demo_Set_033_TRANSFORM"
		           translation="-159.639313 0.000000 -6.865887"
		           scale="1.000000 1.000000 1.000000"
		           rotation="-0.577350 -0.577350 -0.577350 2.094395"
		           >
			<Transform DEF="Demo_Set_033_ifs_TRANSFORM"
			           translation="0.000000 0.000000 0.000000"
			           scale="1.000000 1.000000 1.000000"
			           rotation="0.000000 1.000000 0.000000 0.000000"
			           >
				<Group DEF="group_ME_Cube_033">
					<Shape>
						<Appearance>
							<Material USE="MA_Color_Palette" />
						</Appearance>
						<IndexedFaceSet solid="true"
						                texCoordIndex="0 1 2 -1 3 4 5 -1 6 7 8 -1 9 10 11 -1 12 13 14 -1 15 16 17 -1 18 19 20 -1 21 22 23 -1 24 25 26 -1 27 28 29 -1 30 31 32 -1 33 34 35 -1 "
						                coordIndex="5 1 0 -1 2 0 1 -1 4 0 2 -1 5 0 3 -1 4 3 0 -1 7 1 5 -1 7 5 6 -1 6 5 3 -1 7 4 2 -1 2 1 7 -1 7 6 4 -1 6 3 4 -1 "
						                >
							<Coordinate DEF="coords_ME_Cube_033"
							            point="70.369484 -35.401329 0.000000 70.069481 -35.401329 0.000000 70.369484 -35.401329 15.999998 70.369484 -35.701332 0.000000 70.369484 -35.701332 15.999998 70.069481 -35.701332 0.000000 70.069481 -35.701332 15.999998 70.069481 -35.401329 15.999998 "
							            />
							<TextureCoordinate point="0.1174 0.0386 0.1174 0.0386 0.1174 0.0386 0.1174 0.0386 0.1174 0.0386 0.1174 0.0386 0.1174 0.0386 0.1174 0.0386 0.1174 0.0386 0.1174 0.0386 0.1174 0.0386 0.1174 0.0386 0.1174 0.0386 0.1174 0.0386 0.1174 0.0386 0.1174 0.0386 0.1174 0.0386 0.1174 0.0386 0.1174 0.0386 0.1174 0.0386 0.1174 0.0386 0.1174 0.0386 0.1174 0.0386 0.1174 0.0386 0.1174 0.0386 0.1174 0.0386 0.1174 0.0386 0.1174 0.0386 0.1174 0.0386 0.1174 0.0386 0.1174 0.0386 0.1174 0.0386 0.1174 0.0386 0.1174 0.0386 0.1174 0.0386 0.1174 0.0386 " />
						</IndexedFaceSet>
					</Shape>
				</Group>
			</Transform>
		</Transform>
		<Transform DEF="Demo_Set_034_TRANSFORM"
		           translation="-159.639313 0.000000 -6.865887"
		           scale="1.000000 1.000000 1.000000"
		           rotation="-0.577350 -0.577350 -0.577350 2.094395"
		           >
			<Transform DEF="Demo_Set_034_ifs_TRANSFORM"
			           translation="0.000000 0.000000 0.000000"
			           scale="1.000000 1.000000 1.000000"
			           rotation="0.000000 1.000000 0.000000 0.000000"
			           >
				<Group DEF="group_ME_Cube_034">
					<Shape>
						<Appearance>
							<Material USE="MA_Color_Palette" />
						</Appearance>
						<IndexedFaceSet solid="true"
						                texCoordIndex="0 1 2 -1 3 4 5 -1 6 7 8 -1 9 10 11 -1 12 13 14 -1 15 16 17 -1 18 19 20 -1 21 22 23 -1 24 25 26 -1 27 28 29 -1 30 31 32 -1 33 34 35 -1 "
						                coordIndex="5 0 1 -1 2 1 0 -1 4 2 0 -1 5 3 0 -1 4 0 3 -1 7 5 1 -1 7 6 5 -1 6 3 5 -1 7 2 4 -1 2 7 1 -1 7 4 6 -1 6 4 3 -1 "
						                >
							<Coordinate DEF="coords_ME_Cube_034"
							            point="70.369484 -23.701332 0.000000 70.069481 -23.701332 0.000000 70.369484 -23.701332 15.999997 70.369484 -23.401333 0.000000 70.369484 -23.401333 15.999997 70.069481 -23.401333 0.000000 70.069481 -23.401333 15.999997 70.069481 -23.701332 15.999997 "
							            />
							<TextureCoordinate point="0.1174 0.0386 0.1174 0.0386 0.1174 0.0386 0.1174 0.0386 0.1174 0.0386 0.1174 0.0386 0.1174 0.0386 0.1174 0.0386 0.1174 0.0386 0.1174 0.0386 0.1174 0.0386 0.1174 0.0386 0.1174 0.0386 0.1174 0.0386 0.1174 0.0386 0.1174 0.0386 0.1174 0.0386 0.1174 0.0386 0.1174 0.0386 0.1174 0.0386 0.1174 0.0386 0.1174 0.0386 0.1174 0.0386 0.1174 0.0386 0.1174 0.0386 0.1174 0.0386 0.1174 0.0386 0.1174 0.0386 0.1174 0.0386 0.1174 0.0386 0.1174 0.0386 0.1174 0.0386 0.1174 0.0386 0.1174 0.0386 0.1174 0.0386 0.1174 0.0386 " />
						</IndexedFaceSet>
					</Shape>
				</Group>
			</Transform>
		</Transform>
		<Transform DEF="Demo_Set_035_TRANSFORM"
		           translation="-159.639313 0.000000 -6.865887"
		           scale="1.000000 1.000000 1.000000"
		           rotation="-0.577350 -0.577350 -0.577350 2.094395"
		           >
			<Transform DEF="Demo_Set_035_ifs_TRANSFORM"
			           translation="0.000000 0.000000 0.000000"
			           scale="1.000000 1.000000 1.000000"
			           rotation="0.000000 1.000000 0.000000 0.000000"
			           >
				<Group DEF="group_ME_Cube_035">
					<Shape>
						<Appearance>
							<Material USE="MA_Color_Palette" />
						</Appearance>
						<IndexedFaceSet solid="true"
						                texCoordIndex="0 1 2 -1 3 4 5 -1 6 7 8 -1 9 10 11 -1 12 13 14 -1 15 16 17 -1 18 19 20 -1 21 22 23 -1 24 25 26 -1 27 28 29 -1 30 31 32 -1 33 34 35 -1 36 37 38 -1 39 40 41 -1 42 43 44 -1 45 46 47 -1 48 49 50 -1 51 52 53 -1 54 55 56 -1 57 58 59 -1 60 61 62 -1 63 64 65 -1 66 67 68 -1 69 70 71 -1 72 73 74 -1 75 76 77 -1 78 79 80 -1 81 82 83 -1 84 85 86 -1 87 88 89 -1 90 91 92 -1 93 94 95 -1 96 97 98 -1 99 100 101 -1 102 103 104 -1 105 106 107 -1 108 109 110 -1 111 112 113 -1 114 115 116 -1 117 118 119 -1 120 121 122 -1 123 124 125 -1 126 127 128 -1 129 130 131 -1 132 133 134 -1 135 136 137 -1 138 139 140 -1 141 142 143 -1 144 145 146 -1 147 148 149 -1 150 151 152 -1 153 154 155 -1 156 157 158 -1 159 160 161 -1 162 163 164 -1 165 166 167 -1 168 169 170 -1 171 172 173 -1 174 175 176 -1 177 178 179 -1 180 181 182 -1 183 184 185 -1 186 187 188 -1 189 190 191 -1 "
						                coordIndex="2 1 0 -1 5 0 1 -1 4 2 0 -1 5 3 0 -1 4 0 3 -1 7 3 5 -1 6 5 1 -1 8 5 6 -1 8 7 5 -1 9 8 6 -1 9 10 8 -1 8 11 7 -1 8 10 11 -1 13 11 10 -1 13 12 11 -1 7 11 12 -1 14 13 15 -1 18 13 14 -1 18 12 13 -1 13 17 15 -1 10 16 13 -1 13 16 17 -1 2 18 1 -1 18 2 4 -1 18 14 19 -1 7 12 18 -1 18 4 7 -1 18 19 1 -1 14 20 19 -1 21 19 20 -1 6 1 19 -1 21 6 19 -1 22 21 20 -1 23 21 22 -1 9 6 21 -1 23 9 21 -1 24 23 22 -1 24 25 23 -1 23 26 9 -1 23 25 26 -1 25 27 26 -1 9 26 10 -1 26 28 10 -1 26 27 28 -1 17 28 27 -1 10 28 16 -1 17 16 28 -1 25 29 27 -1 30 27 29 -1 30 17 27 -1 15 17 30 -1 31 30 29 -1 15 30 31 -1 32 15 31 -1 24 31 25 -1 31 29 25 -1 32 31 24 -1 32 24 33 -1 14 32 20 -1 14 15 32 -1 32 33 20 -1 24 22 33 -1 22 20 33 -1 7 4 3 -1 "
						                >
							<Coordinate DEF="coords_ME_Cube_035"
							            point="58.219482 -27.551331 0.000000 58.969482 -27.551331 0.000000 58.219482 -27.551331 0.250000 58.219482 -31.551331 0.000000 58.219482 -31.551331 0.250000 58.969482 -31.551331 0.000000 59.719482 -31.551331 0.000000 58.969482 -31.551331 0.250000 59.719482 -31.551331 0.250000 60.469482 -31.551331 0.250000 59.719482 -31.551331 0.500000 58.969482 -31.551331 0.500000 58.969482 -27.551331 0.500000 59.719482 -27.551331 0.500000 59.719482 -27.551331 0.250000 60.469482 -27.551331 0.500000 59.719482 -27.551331 0.750000 60.469482 -27.551331 0.750000 58.969482 -27.551331 0.250000 59.719482 -27.551331 0.000000 60.469482 -27.551331 0.000000 60.469482 -31.551331 0.000000 61.219482 -31.551331 0.000000 61.219482 -31.551331 0.250000 61.219482 -27.551331 0.250000 61.219482 -31.551331 0.500000 60.469482 -31.551331 0.500000 60.469482 -31.551331 0.750000 59.719482 -31.551331 0.750000 61.219482 -31.551331 0.750000 61.219482 -27.551331 0.750000 61.219482 -27.551331 0.500000 60.469482 -27.551331 0.250000 61.219482 -27.551331 0.000000 "
							            />
							<TextureCoordinate point="0.1174 0.0386 0.1174 0.0386 0.1174 0.0386 0.1174 0.0386 0.1174 0.0386 0.1174 0.0386 0.1174 0.0386 0.1174 0.0386 0.1174 0.0386 0.1174 0.0386 0.1174 0.0386 0.1174 0.0386 0.1174 0.0386 0.1174 0.0386 0.1174 0.0386 0.1174 0.0386 0.1174 0.0386 0.1174 0.0386 0.1174 0.0386 0.1174 0.0386 0.1174 0.0386 0.1174 0.0386 0.1174 0.0386 0.1174 0.0386 0.1174 0.0386 0.1174 0.0386 0.1174 0.0386 0.1174 0.0386 0.1174 0.0386 0.1174 0.0386 0.1174 0.0386 0.1174 0.0386 0.1174 0.0386 0.1174 0.0386 0.1174 0.0386 0.1174 0.0386 0.1174 0.0386 0.1174 0.0386 0.1174 0.0386 0.1174 0.0386 0.1174 0.0386 0.1174 0.0386 0.1174 0.0386 0.1174 0.0386 0.1174 0.0386 0.1174 0.0386 0.1174 0.0386 0.1174 0.0386 0.1174 0.0386 0.1174 0.0386 0.1174 0.0386 0.1174 0.0386 0.1174 0.0386 0.1174 0.0386 0.1174 0.0386 0.1174 0.0386 0.1174 0.0386 0.1174 0.0386 0.1174 0.0386 0.1174 0.0386 0.1174 0.0386 0.1174 0.0386 0.1174 0.0386 0.1174 0.0386 0.1174 0.0386 0.1174 0.0386 0.1174 0.0386 0.1174 0.0386 0.1174 0.0386 0.1174 0.0386 0.1174 0.0386 0.1174 0.0386 0.1174 0.0386 0.1174 0.0386 0.1174 0.0386 0.1174 0.0386 0.1174 0.0386 0.1174 0.0386 0.1174 0.0386 0.1174 0.0386 0.1174 0.0386 0.1174 0.0386 0.1174 0.0386 0.1174 0.0386 0.1174 0.0386 0.1174 0.0386 0.1174 0.0386 0.1174 0.0386 0.1174 0.0386 0.1174 0.0386 0.1174 0.0386 0.1174 0.0386 0.1174 0.0386 0.1174 0.0386 0.1174 0.0386 0.1174 0.0386 0.1174 0.0386 0.1174 0.0386 0.1174 0.0386 0.1174 0.0386 0.1174 0.0386 0.1174 0.0386 0.1174 0.0386 0.1174 0.0386 0.1174 0.0386 0.1174 0.0386 0.1174 0.0386 0.1174 0.0386 0.1174 0.0386 0.1174 0.0386 0.1174 0.0386 0.1174 0.0386 0.1174 0.0386 0.1174 0.0386 0.1174 0.0386 0.1174 0.0386 0.1174 0.0386 0.1174 0.0386 0.1174 0.0386 0.1174 0.0386 0.1174 0.0386 0.1174 0.0386 0.1174 0.0386 0.1174 0.0386 0.1174 0.0386 0.1174 0.0386 0.1174 0.0386 0.1174 0.0386 0.1174 0.0386 0.1174 0.0386 0.1174 0.0386 0.1174 0.0386 0.1174 0.0386 0.1174 0.0386 0.1174 0.0386 0.1174 0.0386 0.1174 0.0386 0.1174 0.0386 0.1174 0.0386 0.1174 0.0386 0.1174 0.0386 0.1174 0.0386 0.1174 0.0386 0.1174 0.0386 0.1174 0.0386 0.1174 0.0386 0.1174 0.0386 0.1174 0.0386 0.1174 0.0386 0.1174 0.0386 0.1174 0.0386 0.1174 0.0386 0.1174 0.0386 0.1174 0.0386 0.1174 0.0386 0.1174 0.0386 0.1174 0.0386 0.1174 0.0386 0.1174 0.0386 0.1174 0.0386 0.1174 0.0386 0.1174 0.0386 0.1174 0.0386 0.1174 0.0386 0.1174 0.0386 0.1174 0.0386 0.1174 0.0386 0.1174 0.0386 0.1174 0.0386 0.1174 0.0386 0.1174 0.0386 0.1174 0.0386 0.1174 0.0386 0.1174 0.0386 0.1174 0.0386 0.1174 0.0386 0.1174 0.0386 0.1174 0.0386 0.1174 0.0386 0.1174 0.0386 0.1174 0.0386 0.1174 0.0386 0.1174 0.0386 0.1174 0.0386 0.1174 0.0386 0.1174 0.0386 0.1174 0.0386 0.1174 0.0386 0.1174 0.0386 0.1174 0.0386 0.1174 0.0386 0.1174 0.0386 " />
						</IndexedFaceSet>
					</Shape>
				</Group>
			</Transform>
		</Transform>
	</Scene>
</X3D>